M,N,K
1, 5120, 6144
1, 5120, 17408
1, 34816, 5120
1, 16384, 5120
1, 14336, 5120
2, 5120, 6144
2, 5120, 17408
2, 34816, 5120
2, 16384, 5120
2, 14336, 5120
4, 5120, 6144
4, 5120, 17408
4, 34816, 5120
4, 16384, 5120
4, 14336, 5120
8, 5120, 6144
8, 5120, 17408
8, 34816, 5120
8, 16384, 5120
8, 14336, 5120
16, 5120, 6144
16, 5120, 17408
16, 34816, 5120
16, 16384, 5120
16, 14336, 5120
24, 5120, 6144
24, 5120, 17408
24, 34816, 5120
24, 16384, 5120
24, 14336, 5120
32, 5120, 6144
32, 5120, 17408
32, 34816, 5120
32, 16384, 5120
32, 14336, 5120
40, 5120, 6144
40, 5120, 17408
40, 34816, 5120
40, 16384, 5120
40, 14336, 5120
48, 5120, 6144
48, 5120, 17408
48, 34816, 5120
48, 16384, 5120
48, 14336, 5120
56, 5120, 6144
56, 5120, 17408
56, 34816, 5120
56, 16384, 5120
56, 14336, 5120
64, 5120, 6144
64, 5120, 17408
64, 34816, 5120
64, 16384, 5120
64, 14336, 5120
72, 5120, 6144
72, 5120, 17408
72, 34816, 5120
72, 16384, 5120
72, 14336, 5120
80, 5120, 6144
80, 5120, 17408
80, 34816, 5120
80, 16384, 5120
80, 14336, 5120
88, 5120, 6144
88, 5120, 17408
88, 34816, 5120
88, 16384, 5120
88, 14336, 5120
96, 5120, 6144
96, 5120, 17408
96, 34816, 5120
96, 16384, 5120
96, 14336, 5120
104, 5120, 6144
104, 5120, 17408
104, 34816, 5120
104, 16384, 5120
104, 14336, 5120
112, 5120, 6144
112, 5120, 17408
112, 34816, 5120
112, 16384, 5120
112, 14336, 5120
120, 5120, 6144
120, 5120, 17408
120, 34816, 5120
120, 16384, 5120
120, 14336, 5120
128, 5120, 6144
128, 5120, 17408
128, 34816, 5120
128, 16384, 5120
128, 14336, 5120
136, 5120, 6144
136, 5120, 17408
136, 34816, 5120
136, 16384, 5120
136, 14336, 5120
144, 5120, 6144
144, 5120, 17408
144, 34816, 5120
144, 16384, 5120
144, 14336, 5120
152, 5120, 6144
152, 5120, 17408
152, 34816, 5120
152, 16384, 5120
152, 14336, 5120
160, 5120, 6144
160, 5120, 17408
160, 34816, 5120
160, 16384, 5120
160, 14336, 5120
168, 5120, 6144
168, 5120, 17408
168, 34816, 5120
168, 16384, 5120
168, 14336, 5120
176, 5120, 6144
176, 5120, 17408
176, 34816, 5120
176, 16384, 5120
176, 14336, 5120
184, 5120, 6144
184, 5120, 17408
184, 34816, 5120
184, 16384, 5120
184, 14336, 5120
192, 5120, 6144
192, 5120, 17408
192, 34816, 5120
192, 16384, 5120
192, 14336, 5120
200, 5120, 6144
200, 5120, 17408
200, 34816, 5120
200, 16384, 5120
200, 14336, 5120
208, 5120, 6144
208, 5120, 17408
208, 34816, 5120
208, 16384, 5120
208, 14336, 5120
216, 5120, 6144
216, 5120, 17408
216, 34816, 5120
216, 16384, 5120
216, 14336, 5120
224, 5120, 6144
224, 5120, 17408
224, 34816, 5120
224, 16384, 5120
224, 14336, 5120
232, 5120, 6144
232, 5120, 17408
232, 34816, 5120
232, 16384, 5120
232, 14336, 5120
240, 5120, 6144
240, 5120, 17408
240, 34816, 5120
240, 16384, 5120
240, 14336, 5120
248, 5120, 6144
248, 5120, 17408
248, 34816, 5120
248, 16384, 5120
248, 14336, 5120
256, 5120, 6144
256, 5120, 17408
256, 34816, 5120
256, 16384, 5120
256, 14336, 5120
272, 5120, 6144
272, 5120, 17408
272, 34816, 5120
272, 16384, 5120
272, 14336, 5120
288, 5120, 6144
288, 5120, 17408
288, 34816, 5120
288, 16384, 5120
288, 14336, 5120
304, 5120, 6144
304, 5120, 17408
304, 34816, 5120
304, 16384, 5120
304, 14336, 5120
320, 5120, 6144
320, 5120, 17408
320, 34816, 5120
320, 16384, 5120
320, 14336, 5120
336, 5120, 6144
336, 5120, 17408
336, 34816, 5120
336, 16384, 5120
336, 14336, 5120
352, 5120, 6144
352, 5120, 17408
352, 34816, 5120
352, 16384, 5120
352, 14336, 5120
368, 5120, 6144
368, 5120, 17408
368, 34816, 5120
368, 16384, 5120
368, 14336, 5120
384, 5120, 6144
384, 5120, 17408
384, 34816, 5120
384, 16384, 5120
384, 14336, 5120
400, 5120, 6144
400, 5120, 17408
400, 34816, 5120
400, 16384, 5120
400, 14336, 5120
416, 5120, 6144
416, 5120, 17408
416, 34816, 5120
416, 16384, 5120
416, 14336, 5120
432, 5120, 6144
432, 5120, 17408
432, 34816, 5120
432, 16384, 5120
432, 14336, 5120
448, 5120, 6144
448, 5120, 17408
448, 34816, 5120
448, 16384, 5120
448, 14336, 5120
464, 5120, 6144
464, 5120, 17408
464, 34816, 5120
464, 16384, 5120
464, 14336, 5120
480, 5120, 6144
480, 5120, 17408
480, 34816, 5120
480, 16384, 5120
480, 14336, 5120
496, 5120, 6144
496, 5120, 17408
496, 34816, 5120
496, 16384, 5120
496, 14336, 5120
512, 5120, 6144
512, 5120, 17408
512, 34816, 5120
512, 16384, 5120
512, 14336, 5120
907, 5120, 6144
907, 5120, 17408
907, 34816, 5120
907, 16384, 5120
907, 14336, 5120
1024, 5120, 6144
1024, 5120, 17408
1024, 34816, 5120
1024, 16384, 5120
1024, 14336, 5120
1027, 5120, 6144
1027, 5120, 17408
1027, 34816, 5120
1027, 16384, 5120
1027, 14336, 5120
1088, 5120, 6144
1088, 5120, 17408
1088, 34816, 5120
1088, 16384, 5120
1088, 14336, 5120
1151, 5120, 6144
1151, 5120, 17408
1151, 34816, 5120
1151, 16384, 5120
1151, 14336, 5120
1216, 5120, 6144
1216, 5120, 17408
1216, 34816, 5120
1216, 16384, 5120
1216, 14336, 5120
1594, 5120, 6144
1594, 5120, 17408
1594, 34816, 5120
1594, 16384, 5120
1594, 14336, 5120
1814, 5120, 6144
1814, 5120, 17408
1814, 34816, 5120
1814, 16384, 5120
1814, 14336, 5120
2048, 5120, 6144
2048, 5120, 17408
2048, 34816, 5120
2048, 16384, 5120
2048, 14336, 5120
3072, 5120, 6144
3072, 5120, 17408
3072, 34816, 5120
3072, 16384, 5120
3072, 14336, 5120
3073, 5120, 6144
3073, 5120, 17408
3073, 34816, 5120
3073, 16384, 5120
3073, 14336, 5120
5737, 5120, 6144
5737, 5120, 17408
5737, 34816, 5120
5737, 16384, 5120
5737, 14336, 5120
7169, 5120, 6144
7169, 5120, 17408
7169, 34816, 5120
7169, 16384, 5120
7169, 14336, 5120
8192, 5120, 6144
8192, 5120, 17408
8192, 34816, 5120
8192, 16384, 5120
8192, 14336, 5120
8208, 5120, 6144
8208, 5120, 17408
8208, 34816, 5120
8208, 16384, 5120
8208, 14336, 5120
8240, 5120, 6144
8240, 5120, 17408
8240, 34816, 5120
8240, 16384, 5120
8240, 14336, 5120
8243, 5120, 6144
8243, 5120, 17408
8243, 34816, 5120
8243, 16384, 5120
8243, 14336, 5120
8248, 5120, 6144
8248, 5120, 17408
8248, 34816, 5120
8248, 16384, 5120
8248, 14336, 5120
8296, 5120, 6144
8296, 5120, 17408
8296, 34816, 5120
8296, 16384, 5120
8296, 14336, 5120
8304, 5120, 6144
8304, 5120, 17408
8304, 34816, 5120
8304, 16384, 5120
8304, 14336, 5120
8312, 5120, 6144
8312, 5120, 17408
8312, 34816, 5120
8312, 16384, 5120
8312, 14336, 5120
8455, 5120, 6144
8455, 5120, 17408
8455, 34816, 5120
8455, 16384, 5120
8455, 14336, 5120
14448, 5120, 6144
14448, 5120, 17408
14448, 34816, 5120
14448, 16384, 5120
14448, 14336, 5120
14451, 5120, 6144
14451, 5120, 17408
14451, 34816, 5120
14451, 16384, 5120
14451, 14336, 5120
15361, 5120, 6144
15361, 5120, 17408
15361, 34816, 5120
15361, 16384, 5120
15361, 14336, 5120
16384, 5120, 6144
16384, 5120, 17408
16384, 34816, 5120
16384, 16384, 5120
16384, 14336, 5120
16449, 5120, 6144
16449, 5120, 17408
16449, 34816, 5120
16449, 16384, 5120
16449, 14336, 5120
16612, 5120, 6144
16612, 5120, 17408
16612, 34816, 5120
16612, 16384, 5120
16612, 14336, 5120
16631, 5120, 6144
16631, 5120, 17408
16631, 34816, 5120
16631, 16384, 5120
16631, 14336, 5120
24577, 5120, 6144
24577, 5120, 17408
24577, 34816, 5120
24577, 16384, 5120
24577, 14336, 5120
24813, 5120, 6144
24813, 5120, 17408
24813, 34816, 5120
24813, 16384, 5120
24813, 14336, 5120
31666, 5120, 6144
31666, 5120, 17408
31666, 34816, 5120
31666, 16384, 5120
31666, 14336, 5120
31745, 5120, 6144
31745, 5120, 17408
31745, 34816, 5120
31745, 16384, 5120
31745, 14336, 5120
31841, 5120, 6144
31841, 5120, 17408
31841, 34816, 5120
31841, 16384, 5120
31841, 14336, 5120
32833, 5120, 6144
32833, 5120, 17408
32833, 34816, 5120
32833, 16384, 5120
32833, 14336, 5120
33000, 5120, 6144
33000, 5120, 17408
33000, 34816, 5120
33000, 16384, 5120
33000, 14336, 5120
39966, 5120, 6144
39966, 5120, 17408
39966, 34816, 5120
39966, 16384, 5120
39966, 14336, 5120
46284, 5120, 6144
46284, 5120, 17408
46284, 34816, 5120
46284, 16384, 5120
46284, 14336, 5120
47797, 5120, 6144
47797, 5120, 17408
47797, 34816, 5120
47797, 16384, 5120
47797, 14336, 5120
47855, 5120, 6144
47855, 5120, 17408
47855, 34816, 5120
47855, 16384, 5120
47855, 14336, 5120
48140, 5120, 6144
48140, 5120, 17408
48140, 34816, 5120
48140, 16384, 5120
48140, 14336, 5120
48157, 5120, 6144
48157, 5120, 17408
48157, 34816, 5120
48157, 16384, 5120
48157, 14336, 5120
48164, 5120, 6144
48164, 5120, 17408
48164, 34816, 5120
48164, 16384, 5120
48164, 14336, 5120
48172, 5120, 6144
48172, 5120, 17408
48172, 34816, 5120
48172, 16384, 5120
48172, 14336, 5120
48561, 5120, 6144
48561, 5120, 17408
48561, 34816, 5120
48561, 16384, 5120
48561, 14336, 5120
48934, 5120, 6144
48934, 5120, 17408
48934, 34816, 5120
48934, 16384, 5120
48934, 14336, 5120
51201, 5120, 6144
51201, 5120, 17408
51201, 34816, 5120
51201, 16384, 5120
51201, 14336, 5120
51624, 5120, 6144
51624, 5120, 17408
51624, 34816, 5120
51624, 16384, 5120
51624, 14336, 5120
52569, 5120, 6144
52569, 5120, 17408
52569, 34816, 5120
52569, 16384, 5120
52569, 14336, 5120
53153, 5120, 6144
53153, 5120, 17408
53153, 34816, 5120
53153, 16384, 5120
53153, 14336, 5120
57345, 5120, 6144
57345, 5120, 17408
57345, 34816, 5120
57345, 16384, 5120
57345, 14336, 5120
57353, 5120, 6144
57353, 5120, 17408
57353, 34816, 5120
57353, 16384, 5120
57353, 14336, 5120
57354, 5120, 6144
57354, 5120, 17408
57354, 34816, 5120
57354, 16384, 5120
57354, 14336, 5120
57386, 5120, 6144
57386, 5120, 17408
57386, 34816, 5120
57386, 16384, 5120
57386, 14336, 5120
57393, 5120, 6144
57393, 5120, 17408
57393, 34816, 5120
57393, 16384, 5120
57393, 14336, 5120
57394, 5120, 6144
57394, 5120, 17408
57394, 34816, 5120
57394, 16384, 5120
57394, 14336, 5120
57409, 5120, 6144
57409, 5120, 17408
57409, 34816, 5120
57409, 16384, 5120
57409, 14336, 5120
57449, 5120, 6144
57449, 5120, 17408
57449, 34816, 5120
57449, 16384, 5120
57449, 14336, 5120
57457, 5120, 6144
57457, 5120, 17408
57457, 34816, 5120
57457, 16384, 5120
57457, 14336, 5120
57569, 5120, 6144
57569, 5120, 17408
57569, 34816, 5120
57569, 16384, 5120
57569, 14336, 5120
57577, 5120, 6144
57577, 5120, 17408
57577, 34816, 5120
57577, 16384, 5120
57577, 14336, 5120
57582, 5120, 6144
57582, 5120, 17408
57582, 34816, 5120
57582, 16384, 5120
57582, 14336, 5120
58305, 5120, 6144
58305, 5120, 17408
58305, 34816, 5120
58305, 16384, 5120
58305, 14336, 5120
58833, 5120, 6144
58833, 5120, 17408
58833, 34816, 5120
58833, 16384, 5120
58833, 14336, 5120
60000, 5120, 6144
60000, 5120, 17408
60000, 34816, 5120
60000, 16384, 5120
60000, 14336, 5120
60008, 5120, 6144
60008, 5120, 17408
60008, 34816, 5120
60008, 16384, 5120
60008, 14336, 5120
60009, 5120, 6144
60009, 5120, 17408
60009, 34816, 5120
60009, 16384, 5120
60009, 14336, 5120
60010, 5120, 6144
60010, 5120, 17408
60010, 34816, 5120
60010, 16384, 5120
60010, 14336, 5120
60059, 5120, 6144
60059, 5120, 17408
60059, 34816, 5120
60059, 16384, 5120
60059, 14336, 5120
60060, 5120, 6144
60060, 5120, 17408
60060, 34816, 5120
60060, 16384, 5120
60060, 14336, 5120
61313, 5120, 6144
61313, 5120, 17408
61313, 34816, 5120
61313, 16384, 5120
61313, 14336, 5120
61444, 5120, 6144
61444, 5120, 17408
61444, 34816, 5120
61444, 16384, 5120
61444, 14336, 5120
64513, 5120, 6144
64513, 5120, 17408
64513, 34816, 5120
64513, 16384, 5120
64513, 14336, 5120
64514, 5120, 6144
64514, 5120, 17408
64514, 34816, 5120
64514, 16384, 5120
64514, 14336, 5120
64576, 5120, 6144
64576, 5120, 17408
64576, 34816, 5120
64576, 16384, 5120
64576, 14336, 5120
64577, 5120, 6144
64577, 5120, 17408
64577, 34816, 5120
64577, 16384, 5120
64577, 14336, 5120
64590, 5120, 6144
64590, 5120, 17408
64590, 34816, 5120
64590, 16384, 5120
64590, 14336, 5120
64625, 5120, 6144
64625, 5120, 17408
64625, 34816, 5120
64625, 16384, 5120
64625, 14336, 5120
64628, 5120, 6144
64628, 5120, 17408
64628, 34816, 5120
64628, 16384, 5120
64628, 14336, 5120
65536, 5120, 6144
65536, 5120, 17408
65536, 34816, 5120
65536, 16384, 5120
65536, 14336, 5120
