gfx,cu_num,M,N,K,libtype,kernelId,splitK,us,kernelName,tflops,bw,errRatio
gfx942,304,1,1024,3072,ck,6,3,6.9635,a8w8_blockscale_1x128x128_256x16x64x128_8x16_16x16_1x1_16x16x1_8x32x1_1x16x1x16_4_1x1_intrawave_v1,0.9,452.48,0.0
gfx942,304,2,1024,3072,ck,6,3,7.7848,a8w8_blockscale_1x128x128_256x16x64x128_8x16_16x16_1x1_16x16x1_8x32x1_1x16x1x16_4_1x1_intrawave_v1,1.62,405.4,0.0
gfx942,304,4,1024,3072,ck,6,3,7.4306,a8w8_blockscale_1x128x128_256x16x64x128_8x16_16x16_1x1_16x16x1_8x32x1_1x16x1x16_4_1x1_intrawave_v1,3.39,426.1,0.0
gfx942,304,8,1024,3072,ck,6,3,7.2291,a8w8_blockscale_1x128x128_256x16x64x128_8x16_16x16_1x1_16x16x1_8x32x1_1x16x1x16_4_1x1_intrawave_v1,6.96,440.81,0.0
gfx942,304,16,1024,3072,ck,6,3,7.4174,a8w8_blockscale_1x128x128_256x16x64x128_8x16_16x16_1x1_16x16x1_8x32x1_1x16x1x16_4_1x1_intrawave_v1,13.57,435.15,0.0
gfx942,304,32,1024,3072,ck,6,3,10.7919,a8w8_blockscale_1x128x128_256x16x64x128_8x16_16x16_1x1_16x16x1_8x32x1_1x16x1x16_4_1x1_intrawave_v1,18.66,306.67,0.0
gfx942,304,64,1024,3072,ck,6,3,10.4529,a8w8_blockscale_1x128x128_256x16x64x128_8x16_16x16_1x1_16x16x1_8x32x1_1x16x1x16_4_1x1_intrawave_v1,38.52,332.29,0.0
gfx942,304,128,1024,3072,ck,8,2,11.7692,a8w8_blockscale_1x128x128_256x16x64x256_16x16_16x16_1x1_16x16x1_16x16x1_1x16x1x16_4_1x1_intrawave_v1,68.42,322.97,0.0
gfx942,304,256,1024,3072,ck,8,0,13.1098,a8w8_blockscale_1x128x128_256x16x64x256_16x16_16x16_1x1_16x16x1_16x16x1_1x16x1x16_4_1x1_intrawave_v1,122.86,339.93,0.0
gfx942,304,512,1024,3072,ck,13,0,15.7636,a8w8_blockscale_1x128x128_256x32x64x256_16x16_16x16_2x1_16x16x1_16x16x1_1x32x1x8_8_2x1_intrawave_v1,204.35,365.85,0.0
gfx942,304,1024,1024,3072,ck,18,0,17.473,a8w8_blockscale_1x128x128_256x64x64x256_16x16_32x32_1x1_16x16x1_16x16x1_1x32x1x8_8_1x1_intrawave_v1,368.71,480.09,0.0
gfx942,304,2048,1024,3072,ck,3,0,30.2276,a8w8_blockscale_1x128x128_256x64x64x128_16x16_32x32_1x1_8x32x1_8x32x1_1x32x1x8_8_1x1_intrawave_v3,426.26,450.96,0.0
gfx942,304,4096,1024,3072,ck,2,0,44.827,a8w8_blockscale_1x128x128_256x64x128x128_16x16_32x32_1x2_8x32x1_8x32x1_1x32x1x8_8_1x1_intrawave_v3,574.87,538.01,0.0
gfx942,304,8192,1024,3072,ck,0,0,67.81,a8w8_blockscale_1x128x128_256x128x128x128_16x16_32x32_2x2_8x32x1_8x32x1_1x32x1x8_8_1x1_intrawave_v3,760.06,664.93,0.0
gfx942,304,16384,1024,3072,ck,0,0,129.2937,a8w8_blockscale_1x128x128_256x128x128x128_16x16_32x32_2x2_8x32x1_8x32x1_1x32x1x8_8_1x1_intrawave_v3,797.25,673.13,0.0
gfx942,304,1,3072,512,ck,8,0,3.7308,a8w8_blockscale_1x128x128_256x16x64x256_16x16_16x16_1x1_16x16x1_16x16x1_1x16x1x16_4_1x1_intrawave_v1,0.84,423.37,0.0
gfx942,304,2,3072,512,ck,6,0,4.0639,a8w8_blockscale_1x128x128_256x16x64x128_8x16_16x16_1x1_16x16x1_8x32x1_1x16x1x16_4_1x1_intrawave_v1,1.55,390.31,0.0
gfx942,304,4,3072,512,ck,6,0,4.0737,a8w8_blockscale_1x128x128_256x16x64x128_8x16_16x16_1x1_16x16x1_8x32x1_1x16x1x16_4_1x1_intrawave_v1,3.09,392.64,0.0
gfx942,304,8,3072,512,ck,8,0,3.8546,a8w8_blockscale_1x128x128_256x16x64x256_16x16_16x16_1x1_16x16x1_16x16x1_1x16x1x16_4_1x1_intrawave_v1,6.53,421.86,0.0
gfx942,304,16,3072,512,ck,7,0,4.3319,a8w8_blockscale_1x128x128_256x16x128x256_16x16_16x16_1x2_16x16x1_16x16x1_1x16x1x16_8_1x2_intrawave_v1,11.62,387.67,0.0
gfx942,304,32,3072,512,ck,13,0,4.1629,a8w8_blockscale_1x128x128_256x32x64x256_16x16_16x16_2x1_16x16x1_16x16x1_1x32x1x8_8_2x1_intrawave_v1,24.18,428.99,0.0
gfx942,304,64,3072,512,ck,8,0,4.7598,a8w8_blockscale_1x128x128_256x16x64x256_16x16_16x16_1x1_16x16x1_16x16x1_1x16x1x16_4_1x1_intrawave_v1,42.3,419.94,0.0
gfx942,304,128,3072,512,ck,8,0,5.0581,a8w8_blockscale_1x128x128_256x16x64x256_16x16_16x16_1x1_16x16x1_16x16x1_1x16x1x16_4_1x1_intrawave_v1,79.61,479.4,0.0
gfx942,304,256,3072,512,ck,8,0,6.0413,a8w8_blockscale_1x128x128_256x16x64x256_16x16_16x16_1x1_16x16x1_16x16x1_1x16x1x16_4_1x1_intrawave_v1,133.3,542.4,0.0
gfx942,304,512,3072,512,ck,18,0,8.4843,a8w8_blockscale_1x128x128_256x64x64x256_16x16_32x32_1x1_16x16x1_16x16x1_1x32x1x8_8_1x1_intrawave_v1,189.83,587.05,0.0
gfx942,304,1024,3072,512,ck,18,0,11.9018,a8w8_blockscale_1x128x128_256x64x64x256_16x16_32x32_1x1_16x16x1_16x16x1_1x32x1x8_8_1x1_intrawave_v1,270.65,704.82,0.0
gfx942,304,2048,3072,512,ck,3,0,19.5688,a8w8_blockscale_1x128x128_256x64x64x128_16x16_32x32_1x1_8x32x1_8x32x1_1x32x1x8_8_1x1_intrawave_v3,329.22,776.97,0.0
gfx942,304,4096,3072,512,ck,3,0,30.3391,a8w8_blockscale_1x128x128_256x64x64x128_16x16_32x32_1x1_8x32x1_8x32x1_1x32x1x8_8_1x1_intrawave_v3,424.7,950.45,0.0
gfx942,304,8192,3072,512,ck,3,0,55.6838,a8w8_blockscale_1x128x128_256x64x64x128_16x16_32x32_1x1_8x32x1_8x32x1_1x32x1x8_8_1x1_intrawave_v3,462.79,1007.45,0.0
gfx942,304,16384,3072,512,ck,0,0,94.3713,a8w8_blockscale_1x128x128_256x128x128x128_16x16_32x32_2x2_8x32x1_8x32x1_1x32x1x8_8_1x1_intrawave_v3,546.14,1172.23,0.0
gfx942,304,1,4096,3072,ck,8,2,10.8171,a8w8_blockscale_1x128x128_256x16x64x256_16x16_16x16_1x1_16x16x1_16x16x1_1x16x1x16_4_1x1_intrawave_v1,2.33,1164.28,0.0
gfx942,304,2,4096,3072,ck,6,3,11.1816,a8w8_blockscale_1x128x128_256x16x64x128_8x16_16x16_1x1_16x16x1_8x32x1_1x16x1x16_4_1x1_intrawave_v1,4.5,1127.34,0.0
gfx942,304,4,4096,3072,ck,8,2,10.9133,a8w8_blockscale_1x128x128_256x16x64x256_16x16_16x16_1x1_16x16x1_16x16x1_1x16x1x16_4_1x1_intrawave_v1,9.22,1157.12,0.0
gfx942,304,8,4096,3072,ck,6,2,11.4045,a8w8_blockscale_1x128x128_256x16x64x128_8x16_16x16_1x1_16x16x1_8x32x1_1x16x1x16_4_1x1_intrawave_v1,17.65,1111.23,0.0
gfx942,304,512,6144,3072,ck,3,0,42.5339,a8w8_blockscale_1x128x128_256x64x64x128_16x16_32x32_1x1_8x32x1_8x32x1_1x32x1x8_8_1x1_intrawave_v3,454.4,628.64,0.0
gfx942,304,2048,6144,3072,ck,0,0,103.157,a8w8_blockscale_1x128x128_256x128x128x128_16x16_32x32_2x2_8x32x1_8x32x1_1x32x1x8_8_1x1_intrawave_v3,749.43,487.91,0.0
gfx942,304,4096,6144,3072,ck,0,0,186.3552,a8w8_blockscale_1x128x128_256x128x128x128_16x16_32x32_2x2_8x32x1_8x32x1_1x32x1x8_8_1x1_intrawave_v3,829.7,438.89,0.0
gfx942,304,1,8704,3072,ck,8,0,13.6036,a8w8_blockscale_1x128x128_256x16x64x256_16x16_16x16_1x1_16x16x1_16x16x1_1x16x1x16_4_1x1_intrawave_v1,3.93,1967.07,0.0
gfx942,304,2,8704,3072,ck,8,0,13.6714,a8w8_blockscale_1x128x128_256x16x64x256_16x16_16x16_1x1_16x16x1_16x16x1_1x16x1x16_4_1x1_intrawave_v1,7.82,1958.81,0.0
gfx942,304,4,8704,3072,ck,8,0,13.6312,a8w8_blockscale_1x128x128_256x16x64x256_16x16_16x16_1x1_16x16x1_16x16x1_1x16x1x16_4_1x1_intrawave_v1,15.69,1967.59,0.0
gfx942,304,8,8704,3072,ck,8,0,13.7168,a8w8_blockscale_1x128x128_256x16x64x256_16x16_16x16_1x1_16x16x1_16x16x1_1x16x1x16_4_1x1_intrawave_v1,31.19,1961.28,0.0
gfx942,304,16,8704,3072,ck,8,0,13.7723,a8w8_blockscale_1x128x128_256x16x64x256_16x16_16x16_1x1_16x16x1_16x16x1_1x16x1x16_4_1x1_intrawave_v1,62.13,1965.28,0.0
gfx942,304,32,8704,3072,ck,8,0,14.0481,a8w8_blockscale_1x128x128_256x16x64x256_16x16_16x16_1x1_16x16x1_16x16x1_1x16x1x16_4_1x1_intrawave_v1,121.82,1950.02,0.0
gfx942,304,64,8704,3072,ck,13,0,17.099,a8w8_blockscale_1x128x128_256x32x64x256_16x16_16x16_2x1_16x16x1_16x16x1_1x32x1x8_8_2x1_intrawave_v1,200.16,1640.41,0.0
gfx942,304,128,8704,3072,ck,18,0,18.6754,a8w8_blockscale_1x128x128_256x64x64x256_16x16_32x32_1x1_16x16x1_16x16x1_1x32x1x8_8_1x1_intrawave_v1,366.53,1572.13,0.0
gfx942,304,256,8704,3072,ck,18,0,31.322,a8w8_blockscale_1x128x128_256x64x64x256_16x16_32x32_1x1_16x16x1_16x16x1_1x32x1x8_8_1x1_intrawave_v1,437.08,1021.06,0.0
gfx942,304,512,8704,3072,ck,2,0,48.5404,a8w8_blockscale_1x128x128_256x64x128x128_16x16_32x32_1x2_8x32x1_8x32x1_1x32x1x8_8_1x1_intrawave_v3,564.07,766.88,0.0
gfx942,304,1024,8704,3072,ck,0,0,71.2147,a8w8_blockscale_1x128x128_256x128x128x128_16x16_32x32_2x2_8x32x1_8x32x1_1x32x1x8_8_1x1_intrawave_v3,768.95,669.95,0.0
gfx942,304,2048,8704,3072,ck,0,0,127.1915,a8w8_blockscale_1x128x128_256x128x128x128_16x16_32x32_2x2_8x32x1_8x32x1_1x32x1x8_8_1x1_intrawave_v3,861.08,539.99,0.0
gfx942,304,4096,8704,3072,ck,0,0,249.4223,a8w8_blockscale_1x128x128_256x128x128x128_16x16_32x32_2x2_8x32x1_8x32x1_1x32x1x8_8_1x1_intrawave_v3,878.2,443.52,0.0
gfx942,304,8192,8704,3072,ck,0,0,458.588,a8w8_blockscale_1x128x128_256x128x128x128_16x16_32x32_2x2_8x32x1_8x32x1_1x32x1x8_8_1x1_intrawave_v3,955.29,424.15,0.0
gfx942,304,16384,8704,3072,ck,0,0,886.713,a8w8_blockscale_1x128x128_256x128x128x128_16x16_32x32_2x2_8x32x1_8x32x1_1x32x1x8_8_1x1_intrawave_v3,988.11,408.57,0.0
