gfx,cu_num,M,N,K,bias,dtype,outdtype,scaleAB,bpreshuffle,libtype,solidx,splitK,us,kernelName,err_ratio,tflops,bw
gfx1250,256,768,2112,7168,False,torch.bfloat16,torch.bfloat16,False,False,opus,21270,0,26.1096,opus_gemm_gfx1250_4wave_wl_co_128x64x128x128_4x1_16x16x32_0x0x0_w2x2_c4x4_p3_v1024w1,0.0,890.6,1705.57
gfx1250,256,1280,2112,7168,False,torch.bfloat16,torch.bfloat16,False,False,opus,21148,0,29.1484,opus_gemm_gfx1250_4wave_wl_co_128x96x128x128_4x1_16x16x32_0x0x0_w2x2_c2x2_p3_v1024w1,0.0,1329.59,1853.77
gfx1250,256,1536,2112,7168,False,torch.bfloat16,torch.bfloat16,False,False,opus,21153,0,31.3278,opus_gemm_gfx1250_4wave_wl_co_128x96x192x128_4x1_16x16x32_0x0x0_w2x2_c2x2_p3_v1024w1,0.0,1484.51,1876.47
gfx1250,256,1792,2112,7168,False,torch.bfloat16,torch.bfloat16,False,False,opus,21108,0,33.0084,opus_gemm_gfx1250_4wave_wl_co_128x128x128x128_4x1_16x16x32_0x0x0_w4x1_c2x2_p3_v1024w1,0.0,1643.75,1924.88
gfx1250,256,2560,2112,7168,False,torch.bfloat16,torch.bfloat16,False,False,opus,21174,0,40.0694,opus_gemm_gfx1250_4wave_wl_co_128x128x192x128_4x1_16x16x32_0x0x0_w2x2_c4x4_p3_v1024w1,0.0,1934.41,1941.41
gfx1250,256,3072,2112,7168,False,torch.bfloat16,torch.bfloat16,False,False,opus,21177,0,47.6917,opus_gemm_gfx1250_4wave_wl_co_128x128x256x128_4x1_16x16x32_0x0x0_w2x2_c4x1_p3_v1024w1,0.0,1950.3,1830.38
gfx1250,256,3584,2112,7168,False,torch.bfloat16,torch.bfloat16,False,False,opus,21177,0,53.4387,opus_gemm_gfx1250_4wave_wl_co_128x128x256x128_4x1_16x16x32_0x0x0_w2x2_c4x1_p3_v1024w1,0.0,2030.65,1811.36
gfx1250,256,4608,2112,7168,False,torch.bfloat16,torch.bfloat16,False,False,opus,21158,0,81.2315,opus_gemm_gfx1250_4wave_wl_co_128x96x256x128_4x1_16x16x32_0x0x0_w2x2_c2x2_p3_v1024w1,0.0,1717.55,1425.58
gfx1250,256,5120,2112,7168,False,torch.bfloat16,torch.bfloat16,False,False,opus,21174,0,86.2983,opus_gemm_gfx1250_4wave_wl_co_128x128x192x128_4x1_16x16x32_0x0x0_w2x2_c4x4_p3_v1024w1,0.0,1796.34,1452.0
gfx1250,256,5632,2112,7168,False,torch.bfloat16,torch.bfloat16,False,False,opus,21172,0,99.9779,opus_gemm_gfx1250_4wave_wl_co_128x128x192x128_4x1_16x16x32_0x0x0_w2x2_c4x1_p3_v1024w1,0.0,1705.61,1348.37
gfx1250,256,6144,2112,7168,False,torch.bfloat16,torch.bfloat16,False,False,opus,21154,0,110.0463,opus_gemm_gfx1250_4wave_wl_co_128x96x192x128_4x1_16x16x32_0x0x0_w2x2_c4x4_p3_v1024w1,0.0,1690.43,1311.36
gfx1250,256,64,24576,1536,False,torch.bfloat16,torch.bfloat16,False,False,opus,21267,0,8.6347,opus_gemm_gfx1250_4wave_wl_co_128x64x128x128_4x1_16x16x32_0x0x0_w2x2_c1x4_p3_v1024w1,0.0,559.58,9130.58
gfx1250,256,128,24576,1536,False,torch.bfloat16,torch.bfloat16,False,False,opus,21019,0,9.5319,opus_gemm_gfx1250_4wave_co_128x128x128x128_4x1_16x16x32_0x0x0_c1x4_p3_v1024w1,0.0,1013.82,8621.8
gfx1250,256,256,24576,1536,False,torch.bfloat16,torch.bfloat16,False,False,opus,21039,0,12.1231,opus_gemm_gfx1250_4wave_co_128x128x192x128_4x1_16x16x32_0x0x0_c2x4_p3_v1024w1,0.0,1594.26,7330.37
gfx1250,256,512,24576,1536,False,torch.bfloat16,torch.bfloat16,False,False,opus,21039,0,21.6111,opus_gemm_gfx1250_4wave_co_128x128x192x128_4x1_16x16x32_0x0x0_c2x4_p3_v1024w1,0.0,1788.65,4730.72
gfx1250,256,768,24576,1536,False,torch.bfloat16,torch.bfloat16,False,False,opus,21159,0,31.5913,opus_gemm_gfx1250_4wave_wl_co_128x96x256x128_4x1_16x16x32_0x0x0_w2x2_c4x4_p3_v1024w1,0.0,1835.38,3659.41
gfx1250,256,1024,24576,1536,False,torch.bfloat16,torch.bfloat16,False,False,opus,21179,0,39.1744,opus_gemm_gfx1250_4wave_wl_co_128x128x256x128_4x1_16x16x32_0x0x0_w2x2_c4x4_p3_v1024w1,0.0,1973.47,3292.32
gfx1250,256,1280,24576,1536,False,torch.bfloat16,torch.bfloat16,False,False,opus,21178,0,56.0988,opus_gemm_gfx1250_4wave_wl_co_128x128x256x128_4x1_16x16x32_0x0x0_w2x2_c2x2_p3_v1024w1,0.0,1722.62,2537.38
gfx1250,256,1536,24576,1536,False,torch.bfloat16,torch.bfloat16,False,False,opus,21179,0,65.0588,opus_gemm_gfx1250_4wave_wl_co_128x128x256x128_4x1_16x16x32_0x0x0_w2x2_c4x4_p3_v1024w1,0.0,1782.45,2393.43
gfx1250,256,1792,24576,1536,False,torch.bfloat16,torch.bfloat16,False,False,opus,21317,0,72.1614,opus_gemm_gfx1250_4wave_wlr_co_128x256x256x64_4x1_16x16x32_0x0x0_w2x2_c4x4_p4_v1024w1,0.0,1874.85,2343.12
gfx1250,256,2048,24576,1536,False,torch.bfloat16,torch.bfloat16,False,False,opus,21317,0,78.3955,opus_gemm_gfx1250_4wave_wlr_co_128x256x256x64_4x1_16x16x32_0x0x0_w2x2_c4x4_p4_v1024w1,0.0,1972.29,2327.33
gfx1250,256,2560,24576,1536,False,torch.bfloat16,torch.bfloat16,False,False,opus,21179,0,113.3225,opus_gemm_gfx1250_4wave_wl_co_128x128x256x128_4x1_16x16x32_0x0x0_w2x2_c4x4_p3_v1024w1,0.0,1705.52,1845.98
gfx1250,256,3072,24576,1536,False,torch.bfloat16,torch.bfloat16,False,False,opus,21317,0,129.1947,opus_gemm_gfx1250_4wave_wlr_co_128x256x256x64_4x1_16x16x32_0x0x0_w2x2_c4x4_p4_v1024w1,0.0,1795.18,1826.16
gfx1250,256,3584,24576,1536,False,torch.bfloat16,torch.bfloat16,False,False,opus,21317,0,155.3073,opus_gemm_gfx1250_4wave_wlr_co_128x256x256x64_4x1_16x16x32_0x0x0_w2x2_c4x4_p4_v1024w1,0.0,1742.24,1691.28
gfx1250,256,4096,24576,1536,False,torch.bfloat16,torch.bfloat16,False,False,opus,21317,0,176.2312,opus_gemm_gfx1250_4wave_wlr_co_128x256x256x64_4x1_16x16x32_0x0x0_w2x2_c4x4_p4_v1024w1,0.0,1754.73,1642.2
gfx1250,256,4608,24576,1536,False,torch.bfloat16,torch.bfloat16,False,False,opus,21317,0,206.7572,opus_gemm_gfx1250_4wave_wlr_co_128x256x256x64_4x1_16x16x32_0x0x0_w2x2_c4x4_p4_v1024w1,0.0,1682.61,1529.07
gfx1250,256,5120,24576,1536,False,torch.bfloat16,torch.bfloat16,False,False,opus,21317,0,224.8151,opus_gemm_gfx1250_4wave_wlr_co_128x256x256x64_4x1_16x16x32_0x0x0_w2x2_c4x4_p4_v1024w1,0.0,1719.4,1525.18
gfx1250,256,5632,24576,1536,False,torch.bfloat16,torch.bfloat16,False,False,opus,21317,0,247.8758,opus_gemm_gfx1250_4wave_wlr_co_128x256x256x64_4x1_16x16x32_0x0x0_w2x2_c4x4_p4_v1024w1,0.0,1715.38,1491.16
gfx1250,256,6144,24576,1536,False,torch.bfloat16,torch.bfloat16,False,False,opus,21317,0,261.3325,opus_gemm_gfx1250_4wave_wlr_co_128x256x256x64_4x1_16x16x32_0x0x0_w2x2_c4x4_p4_v1024w1,0.0,1774.97,1516.7
gfx1250,256,64,32768,512,False,torch.bfloat16,torch.bfloat16,False,False,opus,21267,0,5.1258,opus_gemm_gfx1250_4wave_wl_co_128x64x128x128_4x1_16x16x32_0x0x0_w2x2_c1x4_p3_v1024w1,0.0,418.96,7377.24
gfx1250,256,128,32768,512,False,torch.bfloat16,torch.bfloat16,False,False,opus,21106,0,5.7672,opus_gemm_gfx1250_4wave_wl_co_128x128x128x128_4x1_16x16x32_0x0x0_w4x1_c1x4_p3_v1024w1,0.0,744.72,7295.41
gfx1250,256,256,32768,512,False,torch.bfloat16,torch.bfloat16,False,False,opus,21178,0,7.4718,opus_gemm_gfx1250_4wave_wl_co_128x128x256x128_4x1_16x16x32_0x0x0_w2x2_c2x2_p3_v1024w1,0.0,1149.65,6771.3
gfx1250,256,512,32768,512,False,torch.bfloat16,torch.bfloat16,False,False,opus,21179,0,12.6664,opus_gemm_gfx1250_4wave_wl_co_128x128x256x128_4x1_16x16x32_0x0x0_w2x2_c4x4_p3_v1024w1,0.0,1356.33,5339.57
gfx1250,256,768,32768,512,False,torch.bfloat16,torch.bfloat16,False,False,opus,21176,0,18.1224,opus_gemm_gfx1250_4wave_wl_co_128x128x256x128_4x1_16x16x32_0x0x0_w2x2_c1x4_p3_v1024w1,0.0,1421.99,4672.26
gfx1250,256,1024,32768,512,False,torch.bfloat16,torch.bfloat16,False,False,opus,21316,0,20.9692,opus_gemm_gfx1250_4wave_wlr_co_128x256x256x64_4x1_16x16x32_0x0x0_w4x1_c4x4_p4_v1024w1,0.0,1638.58,4850.54
gfx1250,256,1280,32768,512,False,torch.bfloat16,torch.bfloat16,False,False,opus,21178,0,29.7263,opus_gemm_gfx1250_4wave_wl_co_128x128x256x128_4x1_16x16x32_0x0x0_w2x2_c2x2_p3_v1024w1,0.0,1444.84,3994.82
gfx1250,256,1536,32768,512,False,torch.bfloat16,torch.bfloat16,False,False,opus,21179,0,35.9939,opus_gemm_gfx1250_4wave_wl_co_128x128x256x128_4x1_16x16x32_0x0x0_w2x2_c4x4_p3_v1024w1,0.0,1431.9,3772.6
gfx1250,256,1792,32768,512,False,torch.bfloat16,torch.bfloat16,False,False,opus,21317,0,41.459,opus_gemm_gfx1250_4wave_wlr_co_128x256x256x64_4x1_16x16x32_0x0x0_w2x2_c4x4_p4_v1024w1,0.0,1450.34,3686.29
gfx1250,256,2048,32768,512,False,torch.bfloat16,torch.bfloat16,False,False,opus,21317,0,43.6515,opus_gemm_gfx1250_4wave_wlr_co_128x256x256x64_4x1_16x16x32_0x0x0_w2x2_c4x4_p4_v1024w1,0.0,1574.28,3891.49
gfx1250,256,2560,32768,512,False,torch.bfloat16,torch.bfloat16,False,False,opus,21316,0,61.8659,opus_gemm_gfx1250_4wave_wlr_co_128x256x256x64_4x1_16x16x32_0x0x0_w4x1_c4x4_p4_v1024w1,0.0,1388.48,3296.61
gfx1250,256,3072,32768,512,False,torch.bfloat16,torch.bfloat16,False,False,opus,21316,0,68.5564,opus_gemm_gfx1250_4wave_wlr_co_128x256x256x64_4x1_16x16x32_0x0x0_w4x1_c4x4_p4_v1024w1,0.0,1503.57,3471.98
gfx1250,256,3584,32768,512,False,torch.bfloat16,torch.bfloat16,False,False,opus,21317,0,86.1687,opus_gemm_gfx1250_4wave_wlr_co_128x256x256x64_4x1_16x16x32_0x0x0_w2x2_c4x4_p4_v1024w1,0.0,1395.62,3157.82
gfx1250,256,4096,32768,512,False,torch.bfloat16,torch.bfloat16,False,False,opus,21317,0,93.3619,opus_gemm_gfx1250_4wave_wlr_co_128x256x256x64_4x1_16x16x32_0x0x0_w2x2_c4x4_p4_v1024w1,0.0,1472.11,3279.54
gfx1250,256,4608,32768,512,False,torch.bfloat16,torch.bfloat16,False,False,opus,21317,0,110.663,opus_gemm_gfx1250_4wave_wlr_co_128x256x256x64_4x1_16x16x32_0x0x0_w2x2_c4x4_p4_v1024w1,0.0,1397.2,3074.77
gfx1250,256,5120,32768,512,False,torch.bfloat16,torch.bfloat16,False,False,opus,21317,0,121.0457,opus_gemm_gfx1250_4wave_wlr_co_128x256x256x64_4x1_16x16x32_0x0x0_w2x2_c4x4_p4_v1024w1,0.0,1419.29,3092.56
gfx1250,256,5632,32768,512,False,torch.bfloat16,torch.bfloat16,False,False,opus,21317,0,136.5949,opus_gemm_gfx1250_4wave_wlr_co_128x256x256x64_4x1_16x16x32_0x0x0_w2x2_c4x4_p4_v1024w1,0.0,1383.5,2990.01
gfx1250,256,6144,32768,512,False,torch.bfloat16,torch.bfloat16,False,False,opus,21316,0,145.7345,opus_gemm_gfx1250_4wave_wlr_co_128x256x256x64_4x1_16x16x32_0x0x0_w4x1_c4x4_p4_v1024w1,0.0,1414.62,3036.34
