gfx,b,m,n,k,w_scale_block,libtype,kernelId,splitK,us,kernelName,tflops,bw,errRatio
gfx1250,1,8192,1024,4096,128x128,flydsl,-1,1,24.214,flydsl_bmm_mxfp8_128_wmma_t256x128x256_mw4_nw1_nb3_sk1_cm1_cn1_pre,2838.0,2262.67,0.0025
gfx1250,1,16384,1024,4096,128x128,flydsl,-1,1,34.078,flydsl_bmm_mxfp8_128_wmma_t256x256x128_mw2_nw2_nb3_sk1_cm1_cn1,4033.1,3092.38,0.0051
gfx1250,2,8192,1024,4096,128x128,flydsl,-1,1,35.834,flydsl_bmm_mxfp8_128_wmma_t256x256x128_mw2_nw2_nb3_sk1_cm1_cn1,3835.4,3057.9,0.0056
gfx1250,2,16384,1024,4096,128x128,flydsl,-1,1,60.632,flydsl_bmm_mxfp8_128_wmma_t256x256x128_mw2_nw2_nb4_sk1_cm1_cn1_pre,4533.5,3476.12,0.0038
gfx1250,4,4096,1024,4096,128x128,flydsl,-1,1,37.22,flydsl_bmm_mxfp8_128_wmma_t256x256x256_mw2_nw2_nb2_sk1_cm1_cn1_pre,3692.6,3169.42,0.005
gfx1250,4,8192,1024,4096,128x128,flydsl,-1,1,64.496,flydsl_bmm_mxfp8_128_wmma_t256x256x128_mw2_nw2_nb4_sk1_cm1_cn1_pre,4261.9,3397.94,0.0058
gfx1250,4,16384,1024,4096,128x128,flydsl,-1,1,121.983,flydsl_bmm_mxfp8_128_wmma_t256x256x128_mw2_nw2_nb4_sk1_cm1_cn1_pre,4506.8,3455.63,0.004
gfx1250,8,512,1024,4096,128x128,flydsl,-1,1,16.623,flydsl_bmm_mxfp8_128_wmma_t128x128x256_mw2_nw2_nb3_sk1_cm1_cn1_pre,2067.0,3540.48,0.0048
gfx1250,8,2048,1024,4096,128x128,flydsl,-1,1,38.207,flydsl_bmm_mxfp8_128_wmma_t256x256x256_mw2_nw2_nb2_sk1_cm1_cn1_pre,3597.2,3526.69,0.0037
gfx1250,8,4096,1024,4096,128x128,flydsl,-1,1,64.448,flydsl_bmm_mxfp8_128_wmma_t256x256x128_mw2_nw2_nb4_sk1_cm1_cn1_pre,4265.1,3660.81,0.0027
gfx1250,8,8192,1024,4096,128x128,flydsl,-1,1,124.617,flydsl_bmm_mxfp8_128_wmma_t256x256x128_mw2_nw2_nb4_sk1_cm1_cn1_pre,4411.6,3517.23,0.005
gfx1250,8,16384,1024,4096,128x128,flydsl,-1,1,242.032,flydsl_bmm_mxfp8_128_wmma_t256x256x128_mw2_nw2_nb4_sk1_cm1_cn1_pre,4542.8,3483.25,0.0037
gfx1250,16,32,1024,4096,128x128,flydsl,-1,1,8.083,flydsl_bmm_mxfp8_128_wmma_t32x64x512_mw2_nw2_nb3_sk1_cm1_cn1,531.4,8694.18,0.0043
gfx1250,16,256,1024,4096,128x128,flydsl,-1,1,16.984,flydsl_bmm_mxfp8_128_wmma_t128x128x256_mw2_nw2_nb3_sk1_cm1_cn1_pre,2023.1,5440.99,0.0032
gfx1250,16,512,1024,4096,128x128,flydsl,-1,1,24.8,flydsl_bmm_mxfp8_128_wmma_t128x256x128_mw2_nw2_nb4_sk1_cm1_cn1_pre,2770.9,4746.24,0.005
gfx1250,16,1024,1024,4096,128x128,flydsl,-1,1,46.08,flydsl_bmm_mxfp8_128_wmma_t128x512x128_mw1_nw4_nb3_sk1_cm1_cn1,2982.6,3652.36,0.0041
gfx1250,16,2048,1024,4096,128x128,flydsl,-1,1,65.184,flydsl_bmm_mxfp8_128_wmma_t256x256x128_mw2_nw2_nb4_sk1_cm1_cn1_pre,4217.0,4134.27,0.0042
gfx1250,16,4096,1024,4096,128x128,flydsl,-1,1,129.101,flydsl_bmm_mxfp8_128_wmma_t256x256x128_mw2_nw2_nb4_sk1_cm1_cn1_pre,4258.3,3654.99,0.0037
gfx1250,16,8192,1024,4096,128x128,flydsl,-1,1,245.059,flydsl_bmm_mxfp8_128_wmma_t256x256x128_mw2_nw2_nb4_sk1_cm1_cn1_pre,4486.7,3577.15,0.0047
gfx1250,16,16384,1024,4096,128x128,flydsl,-1,1,485.148,flydsl_bmm_mxfp8_128_wmma_t256x256x128_mw2_nw2_nb4_sk1_cm1_cn1_pre,4532.7,3475.46,0.0046
gfx950,1,1,1024,4096,32x32,flydsl,-1,4,4.125,flydsl_bmm_mxfp8_mfma_t16x32x256_w1x2_nb5_sk4_nt,2.03,1019.41,0.001
gfx950,1,2,1024,4096,32x32,flydsl,-1,4,4.208,flydsl_bmm_mxfp8_mfma_t16x32x256_w1x2_nb5_sk4_nt,3.99,1000.74,0.0005
gfx950,1,4,1024,4096,32x32,flydsl,-1,4,4.088,flydsl_bmm_mxfp8_mfma_t16x32x256_w1x2_nb5_sk4_nt_xcd,8.21,1033.18,0.0007
gfx950,1,8,1024,4096,32x32,flydsl,-1,4,4.215,flydsl_bmm_mxfp8_mfma_t16x32x256_w1x2_nb5_sk4_nt_xcd_sps,15.92,1007.86,0.0016
gfx950,1,16,1024,4096,32x32,flydsl,-1,4,4.275,flydsl_bmm_mxfp8_mfma_t16x32x256_w1x2_nb5_sk4_nt_xcd,31.4,1005.65,0.0007
gfx950,1,32,1024,4096,32x32,flydsl,-1,4,4.698,flydsl_bmm_mxfp8_mfma_t32x32x256_w1x2_nb5_sk4_nt_xcd,57.14,936.45,0.0008
gfx950,1,48,1024,4096,32x32,flydsl,-1,4,5.112,flydsl_bmm_mxfp8_mfma_t48x32x256_w1x2_nb5_sk4_nt_xcd,78.76,880.15,0.0008
gfx950,1,64,1024,4096,32x32,flydsl,-1,4,5.543,flydsl_bmm_mxfp8_mfma_t32x32x512_w2x2_nb3_sk4_nt_sps,96.86,829.86,0.0006
gfx950,1,80,1024,4096,32x32,flydsl,-1,4,6.192,flydsl_bmm_mxfp8_mfma_t32x64x256_w2x2_nb4_sk4,108.38,759.05,0.0006
gfx950,1,96,1024,4096,32x32,flydsl,-1,4,6.192,flydsl_bmm_mxfp8_mfma_t64x32x512_w2x2_nb3_sk4_nt,130.06,775.3,0.0008
gfx950,1,112,1024,4096,32x32,flydsl,-1,4,6.31,flydsl_bmm_mxfp8_mfma_t64x32x256_w2x2_nb4_sk4,148.89,776.66,0.0008
gfx950,1,128,1024,4096,32x32,flydsl,-1,4,6.196,flydsl_bmm_mxfp8_mfma_t64x32x256_w2x2_nb4_sk4_nt,173.3,807.19,0.0008
gfx950,1,144,1024,4096,32x32,flydsl,-1,4,6.807,flydsl_bmm_mxfp8_mfma_t96x32x256_w2x2_nb4_sk4_nt,177.45,749.44,0.0007
gfx950,1,160,1024,4096,32x32,flydsl,-1,4,6.918,flydsl_bmm_mxfp8_mfma_t96x32x256_w2x2_nb4_sk4_nt_xcd,194.02,751.96,0.0007
gfx950,1,176,1024,4096,32x32,flydsl,-1,4,7.008,flydsl_bmm_mxfp8_mfma_t96x32x256_w2x2_nb4_sk4_nt,210.68,756.62,0.0008
gfx950,1,192,1024,4096,32x32,flydsl,-1,4,7.107,flydsl_bmm_mxfp8_mfma_t96x32x256_w2x2_nb4_sk4_nt,226.63,760.22,0.0008
gfx950,1,208,1024,4096,32x32,flydsl,-1,4,7.783,flydsl_bmm_mxfp8_mfma_t64x64x256_w4x2_nb4_sk4,224.19,707.06,0.0008
gfx950,1,224,1024,4096,32x32,flydsl,-1,4,7.832,flydsl_bmm_mxfp8_mfma_t64x64x256_w4x2_nb4_sk4_xcd,239.93,715.47,0.0008
gfx950,1,240,1024,4096,32x32,flydsl,-1,2,7.231,flydsl_bmm_mxfp8_mfma_t64x32x256_w2x2_nb4_sk2,278.41,788.74,0.0009
gfx950,1,256,1024,4096,32x32,flydsl,-1,2,7.446,flydsl_bmm_mxfp8_mfma_t64x32x256_w2x2_nb4_sk2_xcd,288.4,779.45,0.0007
gfx950,1,288,1024,4096,32x32,flydsl,-1,2,8.753,flydsl_bmm_mxfp8_mfma_t96x32x256_w2x2_nb4_sk2_xcd,276.02,686.05,0.0009
gfx950,1,320,1024,4096,32x32,flydsl,-1,2,8.562,flydsl_bmm_mxfp8_mfma_t96x32x256_w2x2_nb4_sk2,313.51,724.74,0.0008
gfx950,1,352,1024,4096,32x32,flydsl,-1,2,8.616,flydsl_bmm_mxfp8_mfma_t96x32x256_w2x2_nb4_sk2,342.71,743.52,0.0008
gfx950,1,384,1024,4096,32x32,flydsl,-1,2,8.941,flydsl_bmm_mxfp8_mfma_t96x32x256_w2x2_nb4_sk2,360.26,738.91,0.0009
gfx950,1,416,1024,4096,32x32,flydsl,-1,2,10.239,flydsl_bmm_mxfp8_mfma_t64x64x256_w1x4_nb3_sk2_xcd,340.82,664.86,0.0007
gfx950,1,448,1024,4096,32x32,flydsl,-1,2,10.531,flydsl_bmm_mxfp8_mfma_t64x64x256_w1x4_nb3_sk2_xcd,356.87,665.51,0.0008
gfx950,1,480,1024,4096,32x32,flydsl,-1,2,9.945,flydsl_bmm_mxfp8_mfma_t64x64x256_w2x2_nb3_sk2_xcd,404.88,724.89,0.0008
gfx950,1,512,1024,4096,32x32,flydsl,-1,2,10.095,flydsl_bmm_mxfp8_mfma_t64x64x256_w4x2_nb3_sk2_xcd,425.46,734.01,0.0007
gfx950,1,544,1024,4096,32x32,flydsl,-1,1,11.127,flydsl_bmm_mxfp8_mfma_t64x64x256_w2x2_nb3_sk1,410.12,683.96,0.0008
gfx950,1,576,1024,4096,32x32,flydsl,-1,1,11.377,flydsl_bmm_mxfp8_mfma_t64x64x256_w2x2_nb4_sk1,424.71,686.58,0.0007
gfx950,1,608,1024,4096,32x32,flydsl,-1,1,10.844,flydsl_bmm_mxfp8_mfma_t64x64x256_w4x2_nb4_sk1,470.34,738.84,0.0008
gfx950,1,640,1024,4096,32x32,flydsl,-1,1,11.179,flydsl_bmm_mxfp8_mfma_t64x64x256_w4x2_nb4_sk1,480.27,734.66,0.0008
gfx950,1,672,1024,4096,32x32,flydsl,-1,1,11.293,flydsl_bmm_mxfp8_mfma_t64x64x256_w4x2_nb4_sk1,499.17,744.98,0.0007
gfx950,1,704,1024,4096,32x32,flydsl,-1,1,11.657,flydsl_bmm_mxfp8_mfma_t64x64x256_w4x2_nb4_sk1,506.61,738.94,0.0008
gfx950,1,736,1024,4096,32x32,flydsl,-1,1,10.595,flydsl_bmm_mxfp8_mfma_t64x64x256_w4x2_nb4_sk1,582.73,831.96,0.0008
gfx950,1,768,1024,4096,32x32,flydsl,-1,1,11.166,flydsl_bmm_mxfp8_mfma_t64x64x256_w4x2_nb4_sk1,576.96,807.37,0.0008
gfx950,1,800,1024,4096,32x32,flydsl,-1,1,11.634,flydsl_bmm_mxfp8_mfma_t64x64x256_w4x2_nb4_sk1_xcd,576.82,792.14,0.0008
gfx950,1,832,1024,4096,32x32,flydsl,-1,1,11.82,flydsl_bmm_mxfp8_mfma_t64x64x256_w2x2_nb3_sk1_xcd,590.47,796.68,0.0008
gfx950,1,864,1024,4096,32x32,flydsl,-1,1,11.27,flydsl_bmm_mxfp8_mfma_t64x64x256_w2x2_nb3_sk1,643.12,853.39,0.0008
gfx950,1,896,1024,4096,32x32,flydsl,-1,1,11.509,flydsl_bmm_mxfp8_mfma_t64x64x256_w2x2_nb3_sk1,653.06,853.07,0.0008
gfx950,1,928,1024,4096,32x32,flydsl,-1,1,11.721,flydsl_bmm_mxfp8_mfma_t64x64x256_w2x2_nb3_sk1_xcd,664.14,854.75,0.0008
gfx950,1,960,1024,4096,32x32,flydsl,-1,1,12.163,flydsl_bmm_mxfp8_mfma_t64x64x256_w2x2_nb3_sk1_xcd,662.11,840.23,0.0008
gfx950,1,992,1024,4096,32x32,flydsl,-1,1,11.96,flydsl_bmm_mxfp8_mfma_t64x64x256_w2x2_nb3_sk1,695.76,871.23,0.0008
gfx950,1,1024,1024,4096,32x32,flydsl,-1,1,12.231,flydsl_bmm_mxfp8_mfma_t64x64x256_w2x2_nb4_sk1_xcd,702.33,868.38,0.0008
gfx950,1,1088,1024,4096,32x32,flydsl,-1,1,14.599,flydsl_bmm_mxfp8_mfma_t64x64x128_w2x2_nb4_sk1_xcd,625.18,755.02,0.0008
gfx950,1,1152,1024,4096,32x32,flydsl,-1,1,13.749,flydsl_bmm_mxfp8_mfma_t64x64x128_w1x2_nb4_sk1_xcd,702.88,830.9,0.0007
gfx950,1,1216,1024,4096,32x32,flydsl,-1,1,13.867,flydsl_bmm_mxfp8_mfma_t64x64x128_w2x1_nb4_sk1_xcd,735.62,852.78,0.0008
gfx950,1,1280,1024,4096,32x32,flydsl,-1,1,15.088,flydsl_bmm_mxfp8_mfma_t64x128x256_w1x4_nb4_sk1_bd2,711.65,810.35,0.0008
gfx950,1,1344,1024,4096,32x32,flydsl,-1,1,14.76,flydsl_bmm_mxfp8_mfma_t48x128x256_w1x4_nb4_sk1_bd2,763.82,855.53,0.0008
gfx950,1,1408,1024,4096,32x32,flydsl,-1,1,14.575,flydsl_bmm_mxfp8_mfma_t48x128x256_w1x4_nb4_sk1_bd2_xcd,810.38,893.96,0.0008
gfx950,1,1472,1024,4096,32x32,flydsl,-1,1,14.618,flydsl_bmm_mxfp8_mfma_t48x128x256_w1x4_nb5_sk1_bd2_xcd,844.73,918.8,0.0008
gfx950,1,1536,1024,4096,32x32,flydsl,-1,1,14.286,flydsl_bmm_mxfp8_mfma_t48x128x256_w1x4_nb5_sk1_bd2,901.91,968.21,0.0008
gfx950,1,1600,1024,4096,32x32,flydsl,-1,1,16.025,flydsl_bmm_mxfp8_mfma_t64x128x256_w2x4_nb3_sk1_xcd,837.53,888.19,0.0008
gfx950,1,1664,1024,4096,32x32,flydsl,-1,1,15.845,flydsl_bmm_mxfp8_mfma_t64x128x256_w1x4_nb3_sk1_bd2_xcd,880.96,923.65,0.0008
gfx950,1,1728,1024,4096,32x32,flydsl,-1,1,15.618,flydsl_bmm_mxfp8_mfma_t64x128x256_w1x4_nb4_sk1_bd2_xcd,928.15,962.78,0.0008
gfx950,1,1792,1024,4096,32x32,flydsl,-1,1,15.548,flydsl_bmm_mxfp8_mfma_t64x128x256_w1x4_nb4_sk1_bd2_xcd,966.81,992.89,0.0008
gfx950,1,1856,1024,4096,32x32,flydsl,-1,1,15.736,flydsl_bmm_mxfp8_mfma_t64x128x256_w1x4_nb4_sk1_bd2_xcd,989.39,1006.55,0.0008
gfx950,1,1920,1024,4096,32x32,flydsl,-1,1,15.726,flydsl_bmm_mxfp8_mfma_t64x128x256_w1x4_nb4_sk1_bd2_xcd,1024.18,1032.73,0.0008
gfx950,1,1984,1024,4096,32x32,flydsl,-1,1,15.865,flydsl_bmm_mxfp8_mfma_t64x128x256_w1x4_nb5_sk1_bd2_xcd,1049.03,1048.97,0.0008
gfx950,1,2048,1024,4096,32x32,flydsl,-1,1,15.669,flydsl_bmm_mxfp8_mfma_t64x128x256_w1x4_nb4_sk1_bd2_xcd,1096.46,1087.75,0.0008
gfx950,1,4096,1024,4096,32x32,flydsl,-1,1,24.279,flydsl_bmm_mxfp8_mfma_t128x128x128_w1x4_nb4_sk1_bd2,1415.19,1231.03,0.0008
gfx950,1,6144,1024,4096,32x32,flydsl,-1,1,32.769,flydsl_bmm_mxfp8_mfma_t96x256x128_w1x4_nb3_sk1_bd2_xcd,1572.8,1304.08,0.0008
gfx950,1,8192,1024,4096,32x32,flydsl,-1,1,40.166,flydsl_bmm_mxfp8_mfma_t128x256x128_w1x4_nb4_sk1_bd2_xcd,1710.88,1383.72,0.0008
gfx950,1,10240,1024,4096,32x32,flydsl,-1,1,54.055,flydsl_bmm_mxfp8_mfma_t192x256x128_w1x4_nb4_sk1_bd2_xcd,1589.12,1265.83,0.0008
gfx950,1,12288,1024,4096,32x32,flydsl,-1,1,57.531,flydsl_bmm_mxfp8_mfma_t192x256x128_w1x4_nb4_sk1_bd2,1791.71,1412.61,0.0008
gfx950,1,14336,1024,4096,32x32,flydsl,-1,1,68.806,flydsl_bmm_mxfp8_mfma_t224x256x128_w1x4_nb2_sk1_bd1,1747.8,1367.82,0.0008
gfx950,1,16384,1024,4096,32x32,flydsl,-1,1,75.6,flydsl_bmm_mxfp8_mfma_t256x256x128_w1x4_nb2_sk1_bd1,1817.98,1414.8,0.0008
gfx950,1,32768,1024,4096,32x32,flydsl,-1,1,140.416,flydsl_bmm_mxfp8_mfma_t256x256x128_w1x4_nb2_sk1_bd1_xcd,1957.6,1493.56,0.0008
gfx950,2,1,1024,4096,32x32,flydsl,-1,4,5.055,flydsl_bmm_mxfp8_mfma_t16x32x256_w1x2_nb5_sk4_nt_sps,3.32,1663.54,0.0015
gfx950,2,2,1024,4096,32x32,flydsl,-1,4,5.081,flydsl_bmm_mxfp8_mfma_t16x32x256_w1x2_nb5_sk4_nt_sps,6.6,1657.48,0.0002
gfx950,2,4,1024,4096,32x32,flydsl,-1,4,5.071,flydsl_bmm_mxfp8_mfma_t16x32x256_w1x2_nb5_sk4_nt_xcd_sps,13.23,1665.73,0.0005
gfx950,2,8,1024,4096,32x32,flydsl,-1,4,5.179,flydsl_bmm_mxfp8_mfma_t16x32x256_w1x2_nb5_sk4_nt_xcd_sps,25.91,1640.62,0.0007
gfx950,2,16,1024,4096,32x32,flydsl,-1,4,5.213,flydsl_bmm_mxfp8_mfma_t16x32x256_w1x2_nb5_sk4_nt,51.5,1649.3,0.0006
gfx950,2,32,1024,4096,32x32,flydsl,-1,4,5.717,flydsl_bmm_mxfp8_mfma_t32x32x256_w1x2_nb5_sk4_nt,93.91,1539.05,0.0011
gfx950,2,48,1024,4096,32x32,flydsl,-1,4,6.134,flydsl_bmm_mxfp8_mfma_t48x32x256_w1x2_nb5_sk4_nt,131.28,1466.96,0.0008
gfx950,2,64,1024,4096,32x32,flydsl,-1,4,6.55,flydsl_bmm_mxfp8_mfma_t64x32x512_w4x1_nb3_sk4_nt_xcd_sps,163.92,1404.47,0.0007
gfx950,2,80,1024,4096,32x32,flydsl,-1,4,7.948,flydsl_bmm_mxfp8_mfma_t64x64x128_w4x1_nb4_sk4,168.87,1182.75,0.0008
gfx950,2,96,1024,4096,32x32,flydsl,-1,4,7.957,flydsl_bmm_mxfp8_mfma_t64x64x128_w4x1_nb5_sk4,202.42,1206.62,0.0007
gfx950,2,112,1024,4096,32x32,flydsl,-1,4,8.014,flydsl_bmm_mxfp8_mfma_t64x64x128_w4x2_nb5_sk4,234.48,1223.14,0.0008
gfx950,2,128,1024,4096,32x32,flydsl,-1,4,8.078,flydsl_bmm_mxfp8_mfma_t64x64x128_w4x2_nb5_sk4_xcd,265.85,1238.27,0.0008
gfx950,2,144,1024,4096,32x32,flydsl,-1,2,9.474,flydsl_bmm_mxfp8_mfma_t48x64x256_w1x4_nb3_sk2_xcd,255.01,1076.99,0.0007
gfx950,2,160,1024,4096,32x32,flydsl,-1,2,9.624,flydsl_bmm_mxfp8_mfma_t48x64x256_w1x4_nb3_sk2_xcd,278.91,1080.99,0.0008
gfx950,2,176,1024,4096,32x32,flydsl,-1,2,9.658,flydsl_bmm_mxfp8_mfma_t48x64x256_w1x4_nb3_sk2_xcd,305.73,1097.98,0.0008
gfx950,2,192,1024,4096,32x32,flydsl,-1,2,9.8,flydsl_bmm_mxfp8_mfma_t48x64x256_w1x4_nb3_sk2_xcd,328.7,1102.58,0.0008
gfx950,2,208,1024,4096,32x32,flydsl,-1,2,10.151,flydsl_bmm_mxfp8_mfma_t64x64x256_w2x2_nb3_sk2,343.76,1084.19,0.0008
gfx950,2,224,1024,4096,32x32,flydsl,-1,2,10.153,flydsl_bmm_mxfp8_mfma_t64x64x256_w2x2_nb3_sk2,370.14,1103.77,0.0007
gfx950,2,240,1024,4096,32x32,flydsl,-1,2,10.215,flydsl_bmm_mxfp8_mfma_t64x64x256_w2x2_nb3_sk2_xcd,394.19,1116.75,0.0008
gfx950,2,256,1024,4096,32x32,flydsl,-1,2,10.466,flydsl_bmm_mxfp8_mfma_t64x64x256_w4x2_nb4_sk2,410.38,1109.13,0.0007
gfx950,2,288,1024,4096,32x32,flydsl,-1,1,11.672,flydsl_bmm_mxfp8_mfma_t64x64x256_w4x2_nb4_sk1,413.98,1028.95,0.0008
gfx950,2,320,1024,4096,32x32,flydsl,-1,1,12.093,flydsl_bmm_mxfp8_mfma_t64x64x256_w2x2_nb3_sk1_xcd,443.95,1026.28,0.0008
gfx950,2,352,1024,4096,32x32,flydsl,-1,1,11.625,flydsl_bmm_mxfp8_mfma_t64x64x256_w2x2_nb3_sk1,508.02,1102.17,0.0007
gfx950,2,384,1024,4096,32x32,flydsl,-1,1,12.447,flydsl_bmm_mxfp8_mfma_t64x64x256_w2x2_nb3_sk1_xcd,517.6,1061.61,0.0008
gfx950,2,416,1024,4096,32x32,flydsl,-1,1,12.142,flydsl_bmm_mxfp8_mfma_t64x64x256_w2x2_nb3_sk1_xcd,574.79,1121.29,0.0008
gfx950,2,448,1024,4096,32x32,flydsl,-1,1,13.158,flydsl_bmm_mxfp8_mfma_t64x64x256_w2x2_nb3_sk1_xcd,571.23,1065.26,0.0008
gfx950,2,480,1024,4096,32x32,flydsl,-1,1,12.625,flydsl_bmm_mxfp8_mfma_t64x64x256_w1x4_nb3_sk1_bd2_xcd,637.84,1141.97,0.0008
gfx950,2,512,1024,4096,32x32,flydsl,-1,1,11.962,flydsl_bmm_mxfp8_mfma_t64x64x256_w1x4_nb4_sk1_bd2_xcd,718.08,1238.83,0.0008
gfx950,2,544,1024,4096,32x32,flydsl,-1,1,14.546,flydsl_bmm_mxfp8_mfma_t64x64x256_w1x2_nb4_sk1_bd2_xcd,627.46,1046.41,0.0008
gfx950,2,576,1024,4096,32x32,flydsl,-1,1,14.209,flydsl_bmm_mxfp8_mfma_t64x64x256_w1x2_nb3_sk1_bd2_xcd,680.1,1099.45,0.0008
gfx950,2,608,1024,4096,32x32,flydsl,-1,1,14.896,flydsl_bmm_mxfp8_mfma_t96x64x256_w1x2_nb3_sk1_bd2_xcd,684.79,1075.7,0.0008
gfx950,2,640,1024,4096,32x32,flydsl,-1,1,14.743,flydsl_bmm_mxfp8_mfma_t48x64x256_w1x2_nb3_sk1_bd2_xcd,728.31,1114.1,0.0008
gfx950,2,672,1024,4096,32x32,flydsl,-1,1,14.699,flydsl_bmm_mxfp8_mfma_t48x64x256_w1x2_nb3_sk1_bd2_xcd,766.99,1144.7,0.0008
gfx950,2,704,1024,4096,32x32,flydsl,-1,1,14.479,flydsl_bmm_mxfp8_mfma_t48x64x512_w1x2_nb3_sk1_bd2_xcd,815.74,1189.84,0.0008
gfx950,2,736,1024,4096,32x32,flydsl,-1,1,14.977,flydsl_bmm_mxfp8_mfma_t48x64x256_w1x2_nb3_sk1_bd2_xcd,824.44,1177.05,0.0008
gfx950,2,768,1024,4096,32x32,flydsl,-1,1,15.18,flydsl_bmm_mxfp8_mfma_t48x64x256_w1x2_nb4_sk1_bd2_xcd,848.82,1187.8,0.0008
gfx950,2,800,1024,4096,32x32,flydsl,-1,1,15.631,flydsl_bmm_mxfp8_mfma_t64x128x256_w1x4_nb3_sk1_bd2_xcd,858.64,1179.16,0.0008
gfx950,2,832,1024,4096,32x32,flydsl,-1,1,15.586,flydsl_bmm_mxfp8_mfma_t64x128x256_w1x4_nb4_sk1_bd2_xcd,895.57,1208.33,0.0007
gfx950,2,864,1024,4096,32x32,flydsl,-1,1,15.368,flydsl_bmm_mxfp8_mfma_t64x128x256_w1x4_nb4_sk1_bd2_xcd,943.2,1251.58,0.0008
gfx950,2,896,1024,4096,32x32,flydsl,-1,1,15.699,flydsl_bmm_mxfp8_mfma_t64x128x256_w1x4_nb4_sk1_bd2_xcd,957.53,1250.78,0.0008
gfx950,2,928,1024,4096,32x32,flydsl,-1,1,15.493,flydsl_bmm_mxfp8_mfma_t64x128x256_w1x4_nb4_sk1_bd2_xcd,1004.91,1293.33,0.0008
gfx950,2,960,1024,4096,32x32,flydsl,-1,1,15.839,flydsl_bmm_mxfp8_mfma_t64x128x256_w1x4_nb4_sk1_bd2_xcd,1016.89,1290.45,0.0008
gfx950,2,992,1024,4096,32x32,flydsl,-1,1,15.874,flydsl_bmm_mxfp8_mfma_t64x128x256_w1x4_nb5_sk1_bd2_xcd,1048.44,1312.86,0.0008
gfx950,2,1024,1024,4096,32x32,flydsl,-1,1,15.771,flydsl_bmm_mxfp8_mfma_t64x128x256_w1x4_nb4_sk1_bd2_xcd,1089.32,1346.88,0.0008
gfx950,2,1088,1024,4096,32x32,flydsl,-1,1,18.941,flydsl_bmm_mxfp8_mfma_t96x128x256_w1x4_nb4_sk1_bd2_xcd,963.73,1163.89,0.0008
gfx950,2,1152,1024,4096,32x32,flydsl,-1,1,18.967,flydsl_bmm_mxfp8_mfma_t96x128x128_w1x4_nb4_sk1_bd2_xcd,1019.0,1204.59,0.0008
gfx950,2,1216,1024,4096,32x32,flydsl,-1,1,19.016,flydsl_bmm_mxfp8_mfma_t96x128x128_w1x4_nb4_sk1_bd2_xcd,1072.85,1243.72,0.0008
gfx950,2,1280,1024,4096,32x32,flydsl,-1,1,18.747,flydsl_bmm_mxfp8_mfma_t96x128x128_w1x4_nb5_sk1_bd2_xcd,1145.48,1304.35,0.0008
gfx950,2,1344,1024,4096,32x32,flydsl,-1,1,19.651,flydsl_bmm_mxfp8_mfma_t96x128x128_w1x4_nb6_sk1_bd2_xcd,1147.43,1285.2,0.0008
gfx950,2,1408,1024,4096,32x32,flydsl,-1,1,19.273,flydsl_bmm_mxfp8_mfma_t96x128x128_w1x4_nb6_sk1_bd2_xcd,1225.69,1352.11,0.0008
gfx950,2,1472,1024,4096,32x32,flydsl,-1,1,19.548,flydsl_bmm_mxfp8_mfma_t96x128x128_w1x4_nb6_sk1_bd2_xcd,1263.35,1374.13,0.0008
gfx950,2,1536,1024,4096,32x32,flydsl,-1,1,20.155,flydsl_bmm_mxfp8_mfma_t96x128x128_w1x4_nb5_sk1_bd2_xcd,1278.6,1372.6,0.0008
gfx950,2,1600,1024,4096,32x32,flydsl,-1,1,23.562,flydsl_bmm_mxfp8_mfma_t128x128x128_w4x2_nb4_sk1_xcd,1139.27,1208.18,0.0008
gfx950,2,1664,1024,4096,32x32,flydsl,-1,1,23.414,flydsl_bmm_mxfp8_mfma_t128x128x128_w2x4_nb4_sk1_xcd,1192.32,1250.09,0.0008
gfx950,2,1728,1024,4096,32x32,flydsl,-1,1,23.932,flydsl_bmm_mxfp8_mfma_t128x128x128_w2x4_nb4_sk1_xcd,1211.41,1256.62,0.0008
gfx950,2,1792,1024,4096,32x32,flydsl,-1,1,24.553,flydsl_bmm_mxfp8_mfma_t128x128x128_w2x4_nb4_sk1_xcd,1224.48,1257.5,0.0008
gfx950,2,1856,1024,4096,32x32,flydsl,-1,1,25.225,flydsl_bmm_mxfp8_mfma_t128x128x128_w4x2_nb4_sk1_xcd,1234.44,1255.85,0.0008
gfx950,2,1920,1024,4096,32x32,flydsl,-1,1,24.604,flydsl_bmm_mxfp8_mfma_t128x128x128_w4x2_nb4_sk1_xcd,1309.25,1320.18,0.0008
gfx950,2,1984,1024,4096,32x32,flydsl,-1,1,25.268,flydsl_bmm_mxfp8_mfma_t128x128x128_w4x2_nb4_sk1_xcd,1317.3,1317.22,0.0008
gfx950,2,2048,1024,4096,32x32,flydsl,-1,1,24.966,flydsl_bmm_mxfp8_mfma_t128x128x128_w1x4_nb4_sk1_bd3_xcd,1376.24,1365.31,0.0008
gfx950,2,4096,1024,4096,32x32,flydsl,-1,1,41.973,flydsl_bmm_mxfp8_mfma_t128x256x128_w1x4_nb3_sk1_bd2_xcd,1637.22,1424.17,0.0008
gfx950,2,6144,1024,4096,32x32,flydsl,-1,1,59.289,flydsl_bmm_mxfp8_mfma_t192x256x128_w1x4_nb3_sk1_bd2_xcd,1738.59,1441.53,0.0008
gfx950,2,8192,1024,4096,32x32,flydsl,-1,1,78.688,flydsl_bmm_mxfp8_mfma_t256x256x128_w1x4_nb2_sk1_bd1_xcd,1746.64,1412.64,0.0008
gfx950,2,10240,1024,4096,32x32,flydsl,-1,1,106.521,flydsl_bmm_mxfp8_mfma_t128x256x128_w1x4_nb3_sk1_bd2_xcd,1612.82,1284.7,0.0008
gfx950,2,12288,1024,4096,32x32,flydsl,-1,1,108.584,flydsl_bmm_mxfp8_mfma_t192x256x128_w1x4_nb3_sk1_bd2_xcd,1898.61,1496.88,0.0008
gfx950,2,14336,1024,4096,32x32,flydsl,-1,1,130.279,flydsl_bmm_mxfp8_mfma_t224x256x128_w1x4_nb2_sk1_bd1_xcd,1846.18,1444.81,0.0008
gfx950,2,16384,1024,4096,32x32,flydsl,-1,1,145.05,flydsl_bmm_mxfp8_mfma_t256x256x128_w1x4_nb2_sk1_bd1_xcd,1895.05,1474.78,0.0008
gfx950,2,32768,1024,4096,32x32,flydsl,-1,1,281.923,flydsl_bmm_mxfp8_mfma_t256x256x128_w1x4_nb2_sk1_bd1_xcd,1950.02,1487.78,0.0008
gfx950,4,1,1024,4096,32x32,flydsl,-1,4,6.437,flydsl_bmm_mxfp8_mfma_t16x32x256_w1x1_nb5_sk4_nt_sps,5.21,2612.89,0.0005
gfx950,4,2,1024,4096,32x32,flydsl,-1,4,6.327,flydsl_bmm_mxfp8_mfma_t16x32x256_w1x2_nb5_sk4_nt_sps,10.61,2662.15,0.0005
gfx950,4,4,1024,4096,32x32,flydsl,-1,4,6.376,flydsl_bmm_mxfp8_mfma_t16x32x256_w1x2_nb5_sk4_nt_xcd_sps,21.05,2649.67,0.0012
gfx950,4,8,1024,4096,32x32,flydsl,-1,4,6.469,flydsl_bmm_mxfp8_mfma_t16x32x256_w1x2_nb5_sk4_nt_sps,41.5,2627.19,0.0011
gfx950,4,16,1024,4096,32x32,flydsl,-1,2,6.68,flydsl_bmm_mxfp8_mfma_t16x32x256_w1x2_nb4_sk2_sps,80.36,2573.93,0.0007
gfx950,4,32,1024,4096,32x32,flydsl,-1,4,7.311,flydsl_bmm_mxfp8_mfma_t32x64x512_w1x4_nb3_sk4,146.87,2406.98,0.0006
gfx950,4,48,1024,4096,32x32,flydsl,-1,2,7.93,flydsl_bmm_mxfp8_mfma_t64x32x256_w2x2_nb3_sk2_nt,203.1,2269.5,0.0008
gfx950,4,64,1024,4096,32x32,flydsl,-1,2,8.118,flydsl_bmm_mxfp8_mfma_t64x32x512_w2x2_nb3_sk2_nt_sps,264.53,2266.41,0.0009
gfx950,4,80,1024,4096,32x32,flydsl,-1,1,9.077,flydsl_bmm_mxfp8_mfma_t64x32x512_w4x2_nb3_sk1,295.74,2071.32,0.0008
gfx950,4,96,1024,4096,32x32,flydsl,-1,1,9.122,flydsl_bmm_mxfp8_mfma_t64x32x512_w4x2_nb3_sk1,353.14,2105.11,0.0008
gfx950,4,112,1024,4096,32x32,flydsl,-1,1,8.789,flydsl_bmm_mxfp8_mfma_t64x32x256_w2x2_nb4_sk1,427.58,2230.4,0.0008
gfx950,4,128,1024,4096,32x32,flydsl,-1,1,9.347,flydsl_bmm_mxfp8_mfma_t64x32x256_w2x2_nb4_sk1_xcd,459.48,2140.14,0.0008
gfx950,4,144,1024,4096,32x32,flydsl,-1,1,12.345,flydsl_bmm_mxfp8_mfma_t64x64x256_w2x2_nb3_sk1_xcd,391.4,1653.0,0.0008
gfx950,4,160,1024,4096,32x32,flydsl,-1,1,11.644,flydsl_bmm_mxfp8_mfma_t64x64x256_w2x2_nb4_sk1_xcd,461.07,1787.0,0.0008
gfx950,4,176,1024,4096,32x32,flydsl,-1,1,12.158,flydsl_bmm_mxfp8_mfma_t64x64x256_w2x2_nb3_sk1_xcd,485.74,1744.47,0.0008
gfx950,4,192,1024,4096,32x32,flydsl,-1,1,12.607,flydsl_bmm_mxfp8_mfma_t64x64x256_w2x4_nb3_sk1_xcd,511.04,1714.23,0.0008
gfx950,4,208,1024,4096,32x32,flydsl,-1,1,12.615,flydsl_bmm_mxfp8_mfma_t64x64x256_w2x2_nb3_sk1_bd2_xcd,553.27,1744.94,0.0008
gfx950,4,224,1024,4096,32x32,flydsl,-1,1,12.584,flydsl_bmm_mxfp8_mfma_t64x64x256_w2x4_nb3_sk1_xcd,597.29,1781.11,0.0008
gfx950,4,240,1024,4096,32x32,flydsl,-1,1,12.759,flydsl_bmm_mxfp8_mfma_t64x64x256_w2x1_nb3_sk1_xcd,631.16,1788.11,0.0007
gfx950,4,256,1024,4096,32x32,flydsl,-1,1,12.629,flydsl_bmm_mxfp8_mfma_t64x64x256_w2x4_nb3_sk1_xcd,680.16,1838.27,0.0008
gfx950,4,288,1024,4096,32x32,flydsl,-1,1,14.201,flydsl_bmm_mxfp8_mfma_t96x64x256_w2x4_nb3_sk1_xcd,680.51,1691.41,0.0008
gfx950,4,320,1024,4096,32x32,flydsl,-1,1,14.126,flydsl_bmm_mxfp8_mfma_t96x64x256_w2x2_nb3_sk1_xcd,760.11,1757.15,0.0007
gfx950,4,352,1024,4096,32x32,flydsl,-1,1,14.34,flydsl_bmm_mxfp8_mfma_t96x64x256_w2x2_nb3_sk1_xcd,823.64,1786.9,0.0008
gfx950,4,384,1024,4096,32x32,flydsl,-1,1,14.412,flydsl_bmm_mxfp8_mfma_t96x64x256_w2x2_nb3_sk1_xcd,894.06,1833.75,0.0008
gfx950,4,416,1024,4096,32x32,flydsl,-1,1,17.125,flydsl_bmm_mxfp8_mfma_t128x64x256_w2x2_nb3_sk1_bd2,815.1,1590.08,0.0008
gfx950,4,448,1024,4096,32x32,flydsl,-1,1,16.939,flydsl_bmm_mxfp8_mfma_t128x64x256_w2x2_nb3_sk1_bd2_xcd,887.46,1654.97,0.0008
gfx950,4,480,1024,4096,32x32,flydsl,-1,1,15.978,flydsl_bmm_mxfp8_mfma_t64x128x256_w1x4_nb3_sk1_bd2_xcd,1008.03,1804.75,0.0008
gfx950,4,512,1024,4096,32x32,flydsl,-1,1,15.879,flydsl_bmm_mxfp8_mfma_t64x128x256_w1x4_nb4_sk1_bd2_xcd,1081.95,1866.57,0.0008
gfx950,4,544,1024,4096,32x32,flydsl,-1,1,18.539,flydsl_bmm_mxfp8_mfma_t96x128x128_w1x4_nb4_sk1_bd2_xcd,984.6,1642.01,0.0008
gfx950,4,576,1024,4096,32x32,flydsl,-1,1,18.652,flydsl_bmm_mxfp8_mfma_t96x128x128_w1x4_nb5_sk1_bd2_xcd,1036.23,1675.16,0.0008
gfx950,4,608,1024,4096,32x32,flydsl,-1,1,18.633,flydsl_bmm_mxfp8_mfma_t96x128x128_w1x4_nb6_sk1_bd2_xcd,1094.88,1719.89,0.0008
gfx950,4,640,1024,4096,32x32,flydsl,-1,1,18.752,flydsl_bmm_mxfp8_mfma_t96x128x128_w1x4_nb5_sk1_bd2_xcd,1145.2,1751.81,0.0008
gfx950,4,672,1024,4096,32x32,flydsl,-1,1,19.274,flydsl_bmm_mxfp8_mfma_t96x128x128_w1x4_nb5_sk1_bd3_xcd,1169.89,1746.01,0.0008
gfx950,4,704,1024,4096,32x32,flydsl,-1,1,19.307,flydsl_bmm_mxfp8_mfma_t96x128x128_w1x4_nb5_sk1_bd4_xcd,1223.5,1784.61,0.0008
gfx950,4,736,1024,4096,32x32,flydsl,-1,1,19.22,flydsl_bmm_mxfp8_mfma_t96x128x128_w1x4_nb5_sk1_bd3_xcd,1284.92,1834.47,0.0008
gfx950,4,768,1024,4096,32x32,flydsl,-1,1,19.666,flydsl_bmm_mxfp8_mfma_t96x128x128_w1x4_nb4_sk1_bd2_xcd,1310.36,1833.67,0.0008
gfx950,4,800,1024,4096,32x32,flydsl,-1,1,23.254,flydsl_bmm_mxfp8_mfma_t128x128x128_w1x4_nb4_sk1_bd3_xcd,1154.36,1585.28,0.0008
gfx950,4,832,1024,4096,32x32,flydsl,-1,1,23.452,flydsl_bmm_mxfp8_mfma_t128x128x128_w1x4_nb4_sk1_bd3_xcd,1190.38,1606.1,0.0008
gfx950,4,864,1024,4096,32x32,flydsl,-1,1,23.734,flydsl_bmm_mxfp8_mfma_t128x128x128_w1x4_nb4_sk1_bd3_xcd,1221.5,1620.87,0.0008
gfx950,4,896,1024,4096,32x32,flydsl,-1,1,24.209,flydsl_bmm_mxfp8_mfma_t128x128x128_w1x4_nb4_sk1_bd2_xcd,1241.87,1622.21,0.0008
gfx950,4,928,1024,4096,32x32,flydsl,-1,1,24.211,flydsl_bmm_mxfp8_mfma_t128x128x128_w1x4_nb4_sk1_bd2_xcd,1286.11,1655.22,0.0008
gfx950,4,960,1024,4096,32x32,flydsl,-1,1,23.756,flydsl_bmm_mxfp8_mfma_t128x128x128_w1x4_nb4_sk1_bd3_xcd,1355.95,1720.73,0.0008
gfx950,4,992,1024,4096,32x32,flydsl,-1,1,24.678,flydsl_bmm_mxfp8_mfma_t128x128x128_w1x4_nb4_sk1_bd2_xcd,1348.8,1688.97,0.0008
gfx950,4,1024,1024,4096,32x32,flydsl,-1,1,24.762,flydsl_bmm_mxfp8_mfma_t128x128x128_w1x4_nb4_sk1_bd2_xcd,1387.58,1715.65,0.0008
gfx950,4,1088,1024,4096,32x32,flydsl,-1,1,30.756,flydsl_bmm_mxfp8_mfma_t96x128x128_w1x2_nb3_sk1_bd2_xcd,1187.01,1433.54,0.0008
gfx950,4,1152,1024,4096,32x32,flydsl,-1,1,30.444,flydsl_bmm_mxfp8_mfma_t96x128x128_w1x2_nb4_sk1_bd2_xcd,1269.68,1500.93,0.0008
gfx950,4,1216,1024,4096,32x32,flydsl,-1,1,31.178,flydsl_bmm_mxfp8_mfma_t96x128x128_w1x2_nb4_sk1_bd2_xcd,1308.68,1517.1,0.0008
gfx950,4,1280,1024,4096,32x32,flydsl,-1,1,31.619,flydsl_bmm_mxfp8_mfma_t96x256x128_w1x4_nb3_sk1_bd2_xcd,1358.36,1546.74,0.0008
gfx950,4,1344,1024,4096,32x32,flydsl,-1,1,32.019,flydsl_bmm_mxfp8_mfma_t96x256x128_w1x4_nb3_sk1_bd2_xcd,1408.43,1577.54,0.0008
gfx950,4,1408,1024,4096,32x32,flydsl,-1,1,33.091,flydsl_bmm_mxfp8_mfma_t96x256x128_w1x4_nb3_sk1_bd2_xcd,1427.71,1574.96,0.0008
gfx950,4,1472,1024,4096,32x32,flydsl,-1,1,33.272,flydsl_bmm_mxfp8_mfma_t96x256x128_w1x4_nb4_sk1_bd2_xcd,1484.48,1614.64,0.0008
gfx950,4,1536,1024,4096,32x32,flydsl,-1,1,33.314,flydsl_bmm_mxfp8_mfma_t96x256x128_w1x4_nb3_sk1_bd2_xcd,1547.1,1660.84,0.0008
gfx950,4,1600,1024,4096,32x32,flydsl,-1,1,37.92,flydsl_bmm_mxfp8_mfma_t128x256x128_w1x4_nb3_sk1_bd2_xcd,1415.78,1501.42,0.0008
gfx950,4,1664,1024,4096,32x32,flydsl,-1,1,37.538,flydsl_bmm_mxfp8_mfma_t128x256x128_w1x4_nb3_sk1_bd2_xcd,1487.41,1559.48,0.0008
gfx950,4,1728,1024,4096,32x32,flydsl,-1,1,39.45,flydsl_bmm_mxfp8_mfma_t128x256x128_w1x4_nb3_sk1_bd2_xcd,1469.76,1524.6,0.0008
gfx950,4,1792,1024,4096,32x32,flydsl,-1,1,40.437,flydsl_bmm_mxfp8_mfma_t128x256x128_w1x4_nb3_sk1_bd2_xcd,1487.0,1527.1,0.0008
gfx950,4,1856,1024,4096,32x32,flydsl,-1,1,39.141,flydsl_bmm_mxfp8_mfma_t128x256x128_w1x4_nb4_sk1_bd2_xcd,1591.11,1618.7,0.0008
gfx950,4,1920,1024,4096,32x32,flydsl,-1,1,41.625,flydsl_bmm_mxfp8_mfma_t128x256x128_w1x4_nb4_sk1_bd3_xcd,1547.74,1560.67,0.0008
gfx950,4,1984,1024,4096,32x32,flydsl,-1,1,41.471,flydsl_bmm_mxfp8_mfma_t128x256x128_w1x4_nb4_sk1_bd3_xcd,1605.28,1605.19,0.0008
gfx950,4,2048,1024,4096,32x32,flydsl,-1,1,42.463,flydsl_bmm_mxfp8_mfma_t128x256x128_w1x4_nb3_sk1_bd2_xcd,1618.33,1605.48,0.0008
gfx950,4,4096,1024,4096,32x32,flydsl,-1,1,79.086,flydsl_bmm_mxfp8_mfma_t256x256x128_w1x4_nb2_sk1_bd1_nt_xcd,1737.84,1511.7,0.0008
gfx950,4,6144,1024,4096,32x32,flydsl,-1,1,108.451,flydsl_bmm_mxfp8_mfma_t192x256x128_w1x4_nb3_sk1_bd2_xcd,1900.94,1576.14,0.0008
gfx950,4,8192,1024,4096,32x32,flydsl,-1,1,145.029,flydsl_bmm_mxfp8_mfma_t256x256x128_w1x4_nb2_sk1_bd1_xcd,1895.34,1532.9,0.0008
gfx950,4,10240,1024,4096,32x32,flydsl,-1,1,183.666,flydsl_bmm_mxfp8_mfma_t128x256x128_w1x4_nb3_sk1_bd2_xcd,1870.77,1490.17,0.0008
gfx950,4,12288,1024,4096,32x32,flydsl,-1,1,206.11,flydsl_bmm_mxfp8_mfma_t192x256x128_w1x4_nb3_sk1_bd2_xcd,2000.47,1577.19,0.0008
gfx950,4,14336,1024,4096,32x32,flydsl,-1,1,247.792,flydsl_bmm_mxfp8_mfma_t192x256x128_w1x4_nb3_sk1_bd2_xcd,1941.29,1519.24,0.0008
gfx950,4,16384,1024,4096,32x32,flydsl,-1,1,277.85,flydsl_bmm_mxfp8_mfma_t256x256x128_w1x4_nb2_sk1_bd1_xcd,1978.61,1539.81,0.0008
gfx950,4,32768,1024,4096,32x32,flydsl,-1,1,550.52,flydsl_bmm_mxfp8_mfma_t256x256x128_w1x4_nb2_sk1_bd1_xcd,1997.22,1523.79,0.0008
gfx950,8,1,1024,4096,32x32,flydsl,-1,1,7.241,flydsl_bmm_mxfp8_mfma_t16x32x256_w1x1_nb4_sk1_nt_xcd_sps,9.27,4645.5,0.0004
gfx950,8,2,1024,4096,32x32,flydsl,-1,1,7.027,flydsl_bmm_mxfp8_mfma_t16x32x256_w1x1_nb5_sk1_nt_xcd_sps,19.1,4794.11,0.0005
gfx950,8,4,1024,4096,32x32,flydsl,-1,1,7.129,flydsl_bmm_mxfp8_mfma_t16x32x256_w1x1_nb5_sk1_nt_xcd_sps,37.65,4739.6,0.0007
gfx950,8,8,1024,4096,32x32,flydsl,-1,1,7.365,flydsl_bmm_mxfp8_mfma_t16x32x256_w1x2_nb5_sk1_nt_xcd_sps,72.9,4615.0,0.0008
gfx950,8,16,1024,4096,32x32,flydsl,-1,1,7.831,flydsl_bmm_mxfp8_mfma_t16x32x256_w1x2_nb5_sk1_xcd_sps,137.12,4391.79,0.0007
gfx950,8,32,1024,4096,32x32,flydsl,-1,1,9.09,flydsl_bmm_mxfp8_mfma_t16x32x256_w1x2_nb5_sk1_xcd,236.24,3871.54,0.0008
gfx950,8,48,1024,4096,32x32,flydsl,-1,1,10.362,flydsl_bmm_mxfp8_mfma_t64x32x512_w2x2_nb3_sk1,310.88,3473.92,0.0007
gfx950,8,64,1024,4096,32x32,flydsl,-1,1,10.631,flydsl_bmm_mxfp8_mfma_t64x32x512_w2x2_nb3_sk1_nt,404.01,3461.49,0.0008
gfx950,8,80,1024,4096,32x32,flydsl,-1,1,11.923,flydsl_bmm_mxfp8_mfma_t64x64x256_w2x2_nb3_sk1_xcd,450.28,3153.68,0.0008
gfx950,8,96,1024,4096,32x32,flydsl,-1,1,12.239,flydsl_bmm_mxfp8_mfma_t64x64x256_w2x2_nb3_sk1_xcd,526.4,3137.93,0.0008
gfx950,8,112,1024,4096,32x32,flydsl,-1,1,13.178,flydsl_bmm_mxfp8_mfma_t64x64x256_w2x2_nb3_sk1_xcd,570.37,2975.22,0.0007
gfx950,8,128,1024,4096,32x32,flydsl,-1,1,13.331,flydsl_bmm_mxfp8_mfma_t64x64x256_w2x2_nb3_sk1_nt_xcd,644.35,3001.23,0.0008
gfx950,8,144,1024,4096,32x32,flydsl,-1,1,15.445,flydsl_bmm_mxfp8_mfma_t96x64x256_w2x2_nb3_sk1_nt_xcd,625.69,2642.49,0.0008
gfx950,8,160,1024,4096,32x32,flydsl,-1,1,14.775,flydsl_bmm_mxfp8_mfma_t96x64x256_w2x2_nb3_sk1_xcd,726.73,2816.62,0.0008
gfx950,8,176,1024,4096,32x32,flydsl,-1,1,14.791,flydsl_bmm_mxfp8_mfma_t96x64x256_w2x2_nb3_sk1_nt_xcd,798.55,2867.88,0.0008
gfx950,8,192,1024,4096,32x32,flydsl,-1,1,15.135,flydsl_bmm_mxfp8_mfma_t96x64x256_w2x2_nb3_sk1_nt_xcd,851.33,2855.69,0.0008
gfx950,8,208,1024,4096,32x32,flydsl,-1,1,20.503,flydsl_bmm_mxfp8_mfma_t128x64x256_w4x1_nb3_sk1_xcd_sps,680.81,2147.2,0.0008
gfx950,8,224,1024,4096,32x32,flydsl,-1,1,20.546,flydsl_bmm_mxfp8_mfma_t128x64x256_w4x1_nb3_sk1_xcd_sps,731.64,2181.74,0.0008
gfx950,8,240,1024,4096,32x32,flydsl,-1,1,18.553,flydsl_bmm_mxfp8_mfma_t128x64x128_w2x2_nb3_sk1_xcd,868.11,2459.39,0.0008
gfx950,8,256,1024,4096,32x32,flydsl,-1,1,17.357,flydsl_bmm_mxfp8_mfma_t128x64x128_w2x2_nb4_sk1_xcd,989.82,2675.19,0.0008
gfx950,8,288,1024,4096,32x32,flydsl,-1,1,21.186,flydsl_bmm_mxfp8_mfma_t96x128x128_w2x2_nb3_sk1_xcd,912.26,2267.42,0.0008
gfx950,8,320,1024,4096,32x32,flydsl,-1,1,21.306,flydsl_bmm_mxfp8_mfma_t96x128x128_w2x2_nb3_sk1_nt_xcd,1007.94,2330.06,0.0008
gfx950,8,352,1024,4096,32x32,flydsl,-1,1,21.015,flydsl_bmm_mxfp8_mfma_t96x128x128_w2x2_nb4_sk1_nt_xcd,1124.09,2438.73,0.0008
gfx950,8,384,1024,4096,32x32,flydsl,-1,1,22.15,flydsl_bmm_mxfp8_mfma_t96x128x128_w2x2_nb4_sk1_nt_xcd,1163.42,2386.22,0.0008
gfx950,8,416,1024,4096,32x32,flydsl,-1,1,23.995,flydsl_bmm_mxfp8_mfma_t128x128x128_w4x2_nb3_sk1_xcd,1163.48,2269.69,0.0008
gfx950,8,448,1024,4096,32x32,flydsl,-1,1,22.923,flydsl_bmm_mxfp8_mfma_t128x128x128_w1x4_nb4_sk1_bd3_xcd,1311.56,2445.86,0.0008
gfx950,8,480,1024,4096,32x32,flydsl,-1,1,23.752,flydsl_bmm_mxfp8_mfma_t128x128x128_w1x4_nb4_sk1_bd2_nt_xcd,1356.22,2428.12,0.0008
gfx950,8,512,1024,4096,32x32,flydsl,-1,1,24.469,flydsl_bmm_mxfp8_mfma_t128x128x128_w1x4_nb4_sk1_bd2_nt_xcd,1404.23,2422.57,0.0008
gfx950,8,544,1024,4096,32x32,flydsl,-1,1,30.185,flydsl_bmm_mxfp8_mfma_t96x128x128_w1x2_nb3_sk1_bd2_xcd,1209.43,2016.97,0.0008
gfx950,8,576,1024,4096,32x32,flydsl,-1,1,30.379,flydsl_bmm_mxfp8_mfma_t96x128x128_w1x2_nb4_sk1_bd2_xcd,1272.41,2056.95,0.0008
gfx950,8,608,1024,4096,32x32,flydsl,-1,1,30.765,flydsl_bmm_mxfp8_mfma_t96x128x128_w1x2_nb4_sk1_bd2_xcd,1326.24,2083.33,0.0008
gfx950,8,640,1024,4096,32x32,flydsl,-1,1,31.117,flydsl_bmm_mxfp8_mfma_t96x128x128_w1x2_nb4_sk1_bd2_xcd,1380.27,2111.39,0.0008
gfx950,8,672,1024,4096,32x32,flydsl,-1,1,31.558,flydsl_bmm_mxfp8_mfma_t96x128x128_w1x2_nb4_sk1_bd2_xcd,1429.0,2132.72,0.0008
gfx950,8,704,1024,4096,32x32,flydsl,-1,1,32.574,flydsl_bmm_mxfp8_mfma_t96x128x128_w1x2_nb4_sk1_bd2_xcd,1450.36,2115.5,0.0008
gfx950,8,736,1024,4096,32x32,flydsl,-1,1,33.061,flydsl_bmm_mxfp8_mfma_t96x128x128_w1x2_nb4_sk1_bd3_xcd,1493.96,2132.91,0.0008
gfx950,8,768,1024,4096,32x32,flydsl,-1,1,34.034,flydsl_bmm_mxfp8_mfma_t96x128x128_w1x2_nb4_sk1_bd3_xcd,1514.35,2119.12,0.0008
gfx950,8,800,1024,4096,32x32,flydsl,-1,1,36.915,flydsl_bmm_mxfp8_mfma_t128x128x128_w1x4_nb3_sk1_bd2_xcd,1454.34,1997.23,0.0008
gfx950,8,832,1024,4096,32x32,flydsl,-1,1,37.052,flydsl_bmm_mxfp8_mfma_t128x256x128_w1x4_nb3_sk1_bd2_nt_xcd,1506.94,2033.2,0.0008
gfx950,8,864,1024,4096,32x32,flydsl,-1,1,37.819,flydsl_bmm_mxfp8_mfma_t128x256x128_w1x4_nb3_sk1_bd2_nt_xcd,1533.15,2034.41,0.0008
gfx950,8,896,1024,4096,32x32,flydsl,-1,1,38.748,flydsl_bmm_mxfp8_mfma_t128x256x128_w1x4_nb3_sk1_bd2_nt_xcd,1551.81,2027.06,0.0008
gfx950,8,928,1024,4096,32x32,flydsl,-1,1,40.671,flydsl_bmm_mxfp8_mfma_t128x256x128_w1x4_nb3_sk1_bd2_xcd,1531.24,1970.71,0.0008
gfx950,8,960,1024,4096,32x32,flydsl,-1,1,39.985,flydsl_bmm_mxfp8_mfma_t128x256x128_w1x4_nb3_sk1_bd2_xcd,1611.22,2044.68,0.0008
gfx950,8,992,1024,4096,32x32,flydsl,-1,1,40.467,flydsl_bmm_mxfp8_mfma_t128x256x128_w1x4_nb4_sk1_bd2_xcd,1645.1,2060.0,0.0008
gfx950,8,1024,1024,4096,32x32,flydsl,-1,1,42.317,flydsl_bmm_mxfp8_mfma_t128x256x128_w1x4_nb3_sk1_bd2_nt_xcd,1623.94,2007.9,0.0008
gfx950,8,1088,1024,4096,32x32,flydsl,-1,1,50.522,flydsl_bmm_mxfp8_mfma_t192x256x128_w1x4_nb3_sk1_bd2_nt_xcd,1445.2,1745.35,0.0008
gfx950,8,1152,1024,4096,32x32,flydsl,-1,1,51.093,flydsl_bmm_mxfp8_mfma_t192x256x128_w1x4_nb3_sk1_bd2_xcd,1513.12,1788.71,0.0008
gfx950,8,1216,1024,4096,32x32,flydsl,-1,1,52.846,flydsl_bmm_mxfp8_mfma_t192x256x128_w1x4_nb3_sk1_bd2_nt_xcd,1544.19,1790.12,0.0008
gfx950,8,1280,1024,4096,32x32,flydsl,-1,1,53.885,flydsl_bmm_mxfp8_mfma_t192x256x128_w1x4_nb3_sk1_bd2_xcd,1594.11,1815.19,0.0008
gfx950,8,1344,1024,4096,32x32,flydsl,-1,1,53.597,flydsl_bmm_mxfp8_mfma_t192x256x128_w1x4_nb3_sk1_bd2_nt_xcd,1682.82,1884.88,0.0008
gfx950,8,1408,1024,4096,32x32,flydsl,-1,1,55.928,flydsl_bmm_mxfp8_mfma_t192x256x128_w1x4_nb3_sk1_bd2_nt_xcd,1689.49,1863.74,0.0008
gfx950,8,1472,1024,4096,32x32,flydsl,-1,1,55.986,flydsl_bmm_mxfp8_mfma_t192x256x128_w1x4_nb4_sk1_bd2_nt_xcd,1764.45,1919.17,0.0008
gfx950,8,1536,1024,4096,32x32,flydsl,-1,1,57.1,flydsl_bmm_mxfp8_mfma_t192x256x128_w1x4_nb4_sk1_bd2_xcd,1805.24,1937.97,0.0008
gfx950,8,1600,1024,4096,32x32,flydsl,-1,1,66.986,flydsl_bmm_mxfp8_mfma_t224x256x128_w1x4_nb2_sk1_bd1_xcd,1602.93,1699.88,0.0008
gfx950,8,1664,1024,4096,32x32,flydsl,-1,1,67.816,flydsl_bmm_mxfp8_mfma_t224x256x128_w1x4_nb2_sk1_bd1_xcd,1646.66,1726.45,0.0008
gfx950,8,1728,1024,4096,32x32,flydsl,-1,1,67.202,flydsl_bmm_mxfp8_mfma_t224x256x128_w1x4_nb2_sk1_bd1_xcd,1725.62,1790.01,0.0008
gfx950,8,1792,1024,4096,32x32,flydsl,-1,1,67.532,flydsl_bmm_mxfp8_mfma_t224x256x128_w1x4_nb2_sk1_bd1_xcd,1780.76,1828.79,0.0008
gfx950,8,1856,1024,4096,32x32,flydsl,-1,1,74.598,flydsl_bmm_mxfp8_mfma_t128x256x128_w1x4_nb3_sk1_bd2_xcd,1669.68,1698.63,0.0008
gfx950,8,1920,1024,4096,32x32,flydsl,-1,1,75.036,flydsl_bmm_mxfp8_mfma_t256x256x128_w1x4_nb2_sk1_bd1_nt_xcd,1717.15,1731.5,0.0008
gfx950,8,1984,1024,4096,32x32,flydsl,-1,1,74.747,flydsl_bmm_mxfp8_mfma_t256x256x128_w1x4_nb2_sk1_bd1_xcd,1781.27,1781.17,0.0008
gfx950,8,2048,1024,4096,32x32,flydsl,-1,1,76.45,flydsl_bmm_mxfp8_mfma_t256x256x128_w1x4_nb2_sk1_bd1_xcd,1797.75,1783.48,0.0008
gfx950,8,4096,1024,4096,32x32,flydsl,-1,1,141.309,flydsl_bmm_mxfp8_mfma_t256x256x128_w1x4_nb2_sk1_bd1_xcd,1945.23,1692.1,0.0008
gfx950,8,6144,1024,4096,32x32,flydsl,-1,1,203.866,flydsl_bmm_mxfp8_mfma_t256x256x128_w1x4_nb2_sk1_bd1_xcd,2022.49,1676.93,0.0008
gfx950,8,8192,1024,4096,32x32,flydsl,-1,1,269.116,flydsl_bmm_mxfp8_mfma_t256x256x128_w1x4_nb2_sk1_bd1_xcd,2042.82,1652.18,0.0008
gfx950,8,10240,1024,4096,32x32,flydsl,-1,1,331.592,flydsl_bmm_mxfp8_mfma_t256x256x128_w1x4_nb2_sk1_bd1_xcd,2072.41,1650.79,0.0008
gfx950,8,12288,1024,4096,32x32,flydsl,-1,1,394.301,flydsl_bmm_mxfp8_mfma_t256x256x128_w1x4_nb2_sk1_bd1_xcd,2091.38,1648.87,0.0008
gfx950,8,14336,1024,4096,32x32,flydsl,-1,1,454.707,flydsl_bmm_mxfp8_mfma_t256x256x128_w1x4_nb2_sk1_bd1_xcd,2115.81,1655.81,0.0008
gfx950,8,16384,1024,4096,32x32,flydsl,-1,1,514.471,flydsl_bmm_mxfp8_mfma_t256x256x128_w1x4_nb2_sk1_bd1_xcd,2137.17,1663.21,0.0008
gfx950,8,32768,1024,4096,32x32,flydsl,-1,1,1014.666,flydsl_bmm_mxfp8_mfma_t256x256x128_w1x4_nb2_sk1_bd1_xcd,2167.24,1653.5,0.0008
gfx950,16,1,1024,4096,32x32,flydsl,-1,1,12.516,flydsl_bmm_mxfp8_mfma_t16x32x256_w1x2_nb4_sk1_nt_xcd_sps,10.72,5375.14,0.0007
gfx950,16,2,1024,4096,32x32,flydsl,-1,1,11.692,flydsl_bmm_mxfp8_mfma_t16x32x256_w1x2_nb4_sk1_bd2_nt_xcd_sps,22.96,5762.49,0.001
gfx950,16,4,1024,4096,32x32,flydsl,-1,1,11.815,flydsl_bmm_mxfp8_mfma_t16x32x256_w1x2_nb4_sk1_nt_xcd_sps,45.44,5719.41,0.0008
gfx950,16,8,1024,4096,32x32,flydsl,-1,1,12.275,flydsl_bmm_mxfp8_mfma_t16x32x256_w1x1_nb4_sk1_nt_xcd_sps,87.48,5537.93,0.0008
gfx950,16,16,1024,4096,32x32,flydsl,-1,1,13.234,flydsl_bmm_mxfp8_mfma_t16x64x256_w1x2_nb3_sk1_nt_xcd_sps,162.27,5197.11,0.0008
gfx950,16,32,1024,4096,32x32,flydsl,-1,1,14.741,flydsl_bmm_mxfp8_mfma_t32x64x256_w2x4_nb4_sk1_xcd_sps,291.37,4774.9,0.0009
gfx950,16,48,1024,4096,32x32,flydsl,-1,1,16.013,flydsl_bmm_mxfp8_mfma_t64x64x256_w4x1_nb3_sk1_xcd_sps,402.33,4495.8,0.0008
gfx950,16,64,1024,4096,32x32,flydsl,-1,1,16.451,flydsl_bmm_mxfp8_mfma_t64x64x256_w4x1_nb3_sk1_xcd,522.15,4473.65,0.0008
gfx950,16,80,1024,4096,32x32,flydsl,-1,1,18.844,flydsl_bmm_mxfp8_mfma_t128x64x256_w4x1_nb3_sk1_nt_xcd_sps,569.79,3990.7,0.0008
gfx950,16,96,1024,4096,32x32,flydsl,-1,1,19.972,flydsl_bmm_mxfp8_mfma_t128x64x256_w4x1_nb3_sk1_nt_xcd_sps,645.13,3845.7,0.0008
gfx950,16,112,1024,4096,32x32,flydsl,-1,1,21.479,flydsl_bmm_mxfp8_mfma_t128x64x256_w4x1_nb3_sk1_nt_xcd_sps,699.87,3650.77,0.0008
gfx950,16,128,1024,4096,32x32,flydsl,-1,1,22.598,flydsl_bmm_mxfp8_mfma_t128x64x256_w4x1_nb3_sk1_nt_xcd_sps,760.23,3540.95,0.0008
gfx950,16,144,1024,4096,32x32,flydsl,-1,1,24.291,flydsl_bmm_mxfp8_mfma_t96x128x128_w2x2_nb3_sk1_xcd,795.66,3360.32,0.0008
gfx950,16,160,1024,4096,32x32,flydsl,-1,1,23.451,flydsl_bmm_mxfp8_mfma_t96x128x128_w2x2_nb4_sk1_xcd,915.74,3549.16,0.0008
gfx950,16,176,1024,4096,32x32,flydsl,-1,1,23.76,flydsl_bmm_mxfp8_mfma_t96x128x128_w2x2_nb4_sk1_nt_xcd,994.19,3570.5,0.0008
gfx950,16,192,1024,4096,32x32,flydsl,-1,1,23.643,flydsl_bmm_mxfp8_mfma_t96x128x128_w2x2_nb4_sk1_nt_xcd,1089.95,3656.11,0.0008
gfx950,16,208,1024,4096,32x32,flydsl,-1,1,26.64,flydsl_bmm_mxfp8_mfma_t128x128x128_w2x4_nb3_sk1_xcd,1047.93,3305.04,0.0008
gfx950,16,224,1024,4096,32x32,flydsl,-1,1,27.089,flydsl_bmm_mxfp8_mfma_t128x128x128_w2x4_nb4_sk1_xcd,1109.86,3309.6,0.0008
gfx950,16,240,1024,4096,32x32,flydsl,-1,1,26.617,flydsl_bmm_mxfp8_mfma_t128x128x128_w2x4_nb4_sk1_xcd,1210.21,3428.58,0.0008
gfx950,16,256,1024,4096,32x32,flydsl,-1,1,26.44,flydsl_bmm_mxfp8_mfma_t128x128x128_w2x4_nb4_sk1_nt_xcd,1299.54,3512.27,0.0008
gfx950,16,288,1024,4096,32x32,flydsl,-1,1,36.905,flydsl_bmm_mxfp8_mfma_t192x128x128_w2x2_nb3_sk1_xcd,1047.4,2603.31,0.0008
gfx950,16,320,1024,4096,32x32,flydsl,-1,1,35.412,flydsl_bmm_mxfp8_mfma_t192x128x128_w2x2_nb3_sk1_bd2_xcd,1212.84,2803.73,0.0008
gfx950,16,352,1024,4096,32x32,flydsl,-1,1,35.038,flydsl_bmm_mxfp8_mfma_t192x128x128_w2x2_nb4_sk1_bd2_xcd,1348.38,2925.34,0.0008
gfx950,16,384,1024,4096,32x32,flydsl,-1,1,36.268,flydsl_bmm_mxfp8_mfma_t192x128x128_w2x2_nb4_sk1_bd2_xcd,1421.07,2914.67,0.0008
gfx950,16,416,1024,4096,32x32,flydsl,-1,1,47.875,flydsl_bmm_mxfp8_mfma_t128x128x128_w2x2_nb3_sk1_bd2_xcd,1166.26,2275.11,0.0008
gfx950,16,448,1024,4096,32x32,flydsl,-1,1,41.537,flydsl_bmm_mxfp8_mfma_t128x256x128_w1x4_nb3_sk1_bd2_nt_xcd,1447.6,2699.55,0.0008
gfx950,16,480,1024,4096,32x32,flydsl,-1,1,42.159,flydsl_bmm_mxfp8_mfma_t128x256x128_w1x4_nb3_sk1_bd2_nt_xcd,1528.12,2735.89,0.0008
gfx950,16,512,1024,4096,32x32,flydsl,-1,1,43.097,flydsl_bmm_mxfp8_mfma_t128x256x128_w1x4_nb3_sk1_bd2_nt_xcd,1594.52,2750.86,0.0008
gfx950,16,544,1024,4096,32x32,flydsl,-1,1,51.868,flydsl_bmm_mxfp8_mfma_t192x256x128_w1x4_nb3_sk1_bd2_nt_xcd,1407.69,2347.6,0.0008
gfx950,16,576,1024,4096,32x32,flydsl,-1,1,52.772,flydsl_bmm_mxfp8_mfma_t192x256x128_w1x4_nb3_sk1_bd2_xcd,1464.98,2368.26,0.0008
gfx950,16,608,1024,4096,32x32,flydsl,-1,1,54.295,flydsl_bmm_mxfp8_mfma_t192x256x128_w1x4_nb3_sk1_bd2_nt_xcd,1502.99,2360.98,0.0008
gfx950,16,640,1024,4096,32x32,flydsl,-1,1,56.087,flydsl_bmm_mxfp8_mfma_t192x256x128_w1x4_nb3_sk1_bd2_nt_xcd,1531.53,2342.77,0.0008
gfx950,16,672,1024,4096,32x32,flydsl,-1,1,55.855,flydsl_bmm_mxfp8_mfma_t192x256x128_w1x4_nb4_sk1_bd2_nt_xcd,1614.78,2409.99,0.0008
gfx950,16,704,1024,4096,32x32,flydsl,-1,1,56.546,flydsl_bmm_mxfp8_mfma_t192x256x128_w1x4_nb3_sk1_bd2_nt_xcd,1671.02,2437.36,0.0008
gfx950,16,736,1024,4096,32x32,flydsl,-1,1,56.533,flydsl_bmm_mxfp8_mfma_t192x256x128_w1x4_nb3_sk1_bd2_nt_xcd,1747.39,2494.73,0.0008
gfx950,16,768,1024,4096,32x32,flydsl,-1,1,57.187,flydsl_bmm_mxfp8_mfma_t192x256x128_w1x4_nb3_sk1_bd2_xcd,1802.51,2522.35,0.0008
gfx950,16,800,1024,4096,32x32,flydsl,-1,1,73.088,flydsl_bmm_mxfp8_mfma_t128x256x128_w1x4_nb4_sk1_bd2_xcd,1469.12,2017.53,0.0008
gfx950,16,832,1024,4096,32x32,flydsl,-1,1,73.219,flydsl_bmm_mxfp8_mfma_t128x256x128_w1x4_nb3_sk1_bd2_xcd,1525.14,2057.76,0.0008
gfx950,16,864,1024,4096,32x32,flydsl,-1,1,74.145,flydsl_bmm_mxfp8_mfma_t128x256x128_w1x4_nb3_sk1_bd2_xcd,1564.02,2075.37,0.0008
gfx950,16,896,1024,4096,32x32,flydsl,-1,1,74.874,flydsl_bmm_mxfp8_mfma_t128x256x128_w1x4_nb3_sk1_bd2_xcd,1606.16,2098.07,0.0008
gfx950,16,928,1024,4096,32x32,flydsl,-1,1,74.692,flydsl_bmm_mxfp8_mfma_t256x256x128_w1x4_nb2_sk1_bd1_xcd,1667.57,2146.16,0.0008
gfx950,16,960,1024,4096,32x32,flydsl,-1,1,74.864,flydsl_bmm_mxfp8_mfma_t256x256x128_w1x4_nb2_sk1_bd1_nt_xcd,1721.12,2184.14,0.0008
gfx950,16,992,1024,4096,32x32,flydsl,-1,1,75.816,flydsl_bmm_mxfp8_mfma_t256x256x128_w1x4_nb2_sk1_bd1_nt_xcd,1756.14,2199.05,0.0008
gfx950,16,1024,1024,4096,32x32,flydsl,-1,1,76.301,flydsl_bmm_mxfp8_mfma_t256x256x128_w1x4_nb2_sk1_bd1_nt_xcd,1801.27,2227.16,0.0008
gfx950,16,1088,1024,4096,32x32,flydsl,-1,1,96.646,flydsl_bmm_mxfp8_mfma_t128x128x128_w1x4_nb3_sk1_bd2_xcd,1510.97,1824.78,0.0008
gfx950,16,1152,1024,4096,32x32,flydsl,-1,1,98.94,flydsl_bmm_mxfp8_mfma_t128x128x128_w1x4_nb3_sk1_bd2_xcd,1562.75,1847.37,0.0008
gfx950,16,1216,1024,4096,32x32,flydsl,-1,1,102.129,flydsl_bmm_mxfp8_mfma_t128x128x128_w1x4_nb3_sk1_bd2_xcd,1598.07,1852.58,0.0008
gfx950,16,1280,1024,4096,32x32,flydsl,-1,1,103.469,flydsl_bmm_mxfp8_mfma_t128x128x128_w1x4_nb3_sk1_bd2_xcd,1660.39,1890.67,0.0008
gfx950,16,1344,1024,4096,32x32,flydsl,-1,1,102.205,flydsl_bmm_mxfp8_mfma_t192x256x128_w1x4_nb3_sk1_bd2_xcd,1764.96,1976.88,0.0008
gfx950,16,1408,1024,4096,32x32,flydsl,-1,1,104.913,flydsl_bmm_mxfp8_mfma_t192x256x128_w1x4_nb3_sk1_bd2_xcd,1801.28,1987.07,0.0008
gfx950,16,1472,1024,4096,32x32,flydsl,-1,1,105.513,flydsl_bmm_mxfp8_mfma_t192x256x128_w1x4_nb3_sk1_bd2_nt_xcd,1872.46,2036.65,0.0008
gfx950,16,1536,1024,4096,32x32,flydsl,-1,1,108.155,flydsl_bmm_mxfp8_mfma_t192x256x128_w1x4_nb3_sk1_bd2_nt_xcd,1906.13,2046.27,0.0008
gfx950,16,1600,1024,4096,32x32,flydsl,-1,1,126.201,flydsl_bmm_mxfp8_mfma_t224x256x128_w1x4_nb2_sk1_bd1_xcd,1701.64,1804.57,0.0008
gfx950,16,1664,1024,4096,32x32,flydsl,-1,1,126.564,flydsl_bmm_mxfp8_mfma_t224x256x128_w1x4_nb3_sk1_bd1_xcd,1764.63,1850.14,0.0008
gfx950,16,1728,1024,4096,32x32,flydsl,-1,1,128.663,flydsl_bmm_mxfp8_mfma_t224x256x128_w1x4_nb3_sk1_bd1_nt_xcd,1802.6,1869.87,0.0008
gfx950,16,1792,1024,4096,32x32,flydsl,-1,1,130.426,flydsl_bmm_mxfp8_mfma_t224x256x128_w1x4_nb3_sk1_bd1_nt_xcd,1844.1,1893.84,0.0008
gfx950,16,1856,1024,4096,32x32,flydsl,-1,1,139.47,flydsl_bmm_mxfp8_mfma_t256x256x128_w1x4_nb2_sk1_bd1_xcd,1786.1,1817.08,0.0008
gfx950,16,1920,1024,4096,32x32,flydsl,-1,1,142.467,flydsl_bmm_mxfp8_mfma_t256x256x128_w1x4_nb2_sk1_bd1_xcd,1808.82,1823.93,0.0008
gfx950,16,1984,1024,4096,32x32,flydsl,-1,1,144.913,flydsl_bmm_mxfp8_mfma_t256x256x128_w1x4_nb2_sk1_bd1_xcd,1837.57,1837.47,0.0008
gfx950,16,2048,1024,4096,32x32,flydsl,-1,1,146.225,flydsl_bmm_mxfp8_mfma_t256x256x128_w1x4_nb2_sk1_bd1_nt_xcd,1879.83,1864.9,0.0008
gfx950,16,4096,1024,4096,32x32,flydsl,-1,1,279.312,flydsl_bmm_mxfp8_mfma_t256x256x128_w1x4_nb2_sk1_bd1_xcd,1968.25,1712.12,0.0008
gfx950,16,6144,1024,4096,32x32,flydsl,-1,1,401.452,flydsl_bmm_mxfp8_mfma_t256x256x128_w1x4_nb2_sk1_bd1_xcd,2054.13,1703.16,0.0008
gfx950,16,8192,1024,4096,32x32,flydsl,-1,1,531.56,flydsl_bmm_mxfp8_mfma_t256x256x128_w1x4_nb2_sk1_bd1_xcd,2068.46,1672.92,0.0008
gfx950,16,10240,1024,4096,32x32,flydsl,-1,1,655.34,flydsl_bmm_mxfp8_mfma_t256x256x128_w1x4_nb2_sk1_bd1_xcd,2097.22,1670.55,0.0008
gfx950,16,12288,1024,4096,32x32,flydsl,-1,1,784.135,flydsl_bmm_mxfp8_mfma_t256x256x128_w1x4_nb2_sk1_bd1_xcd,2103.3,1658.26,0.0008
gfx950,16,14336,1024,4096,32x32,flydsl,-1,1,923.421,flydsl_bmm_mxfp8_mfma_t256x256x128_w1x4_nb2_sk1_bd1_xcd,2083.71,1630.7,0.0008
gfx950,16,16384,1024,4096,32x32,flydsl,-1,1,1054.263,flydsl_bmm_mxfp8_mfma_t256x256x128_w1x4_nb2_sk1_bd1_xcd,2085.84,1623.26,0.0008
gfx950,16,32768,1024,4096,32x32,flydsl,-1,1,2096.799,flydsl_bmm_mxfp8_mfma_t256x256x128_w1x4_nb2_sk1_bd1_xcd,2097.5,1600.3,0.0008
gfx950,1,1,1024,4096,128x128,flydsl,-1,4,4.099,flydsl_bmm_mxfp8_mfma_t16x32x256_w1x2_nb4_sk4_nt,2.05,1024.81,0.0029
gfx950,1,2,1024,4096,128x128,flydsl,-1,4,4.081,flydsl_bmm_mxfp8_mfma_t16x32x256_w1x2_nb4_sk4_nt_sps,4.11,1030.73,0.001
gfx950,1,4,1024,4096,128x128,flydsl,-1,4,4.001,flydsl_bmm_mxfp8_mfma_t16x32x256_w1x2_nb5_sk4_nt_sps,8.39,1054.54,0.0007
gfx950,1,8,1024,4096,128x128,flydsl,-1,4,4.031,flydsl_bmm_mxfp8_mfma_t16x32x256_w1x2_nb5_sk4_nt_xcd_sps,16.65,1052.72,0.0009
gfx950,1,16,1024,4096,128x128,flydsl,-1,4,4.041,flydsl_bmm_mxfp8_mfma_t16x32x256_w1x2_nb5_sk4_nt_xcd_sps,33.21,1062.34,0.0011
gfx950,1,32,1024,4096,128x128,flydsl,-1,4,4.484,flydsl_bmm_mxfp8_mfma_t32x32x512_w2x2_nb3_sk4_nt_xcd_sps,59.86,979.47,0.0006
gfx950,1,48,1024,4096,128x128,flydsl,-1,4,5.1,flydsl_bmm_mxfp8_mfma_t64x32x512_w2x2_nb3_sk4_nt_xcd_sps,78.95,880.52,0.001
gfx950,1,64,1024,4096,128x128,flydsl,-1,4,5.163,flydsl_bmm_mxfp8_mfma_t64x32x512_w4x1_nb3_sk4_nt_sps,103.98,888.97,0.0008
gfx950,1,80,1024,4096,128x128,flydsl,-1,4,6.104,flydsl_bmm_mxfp8_mfma_t64x32x512_w4x1_nb3_sk4_xcd_sps,109.95,768.15,0.0008
gfx950,1,96,1024,4096,128x128,flydsl,-1,4,6.003,flydsl_bmm_mxfp8_mfma_t64x32x256_w4x1_nb4_sk4,134.14,797.44,0.0009
gfx950,1,112,1024,4096,128x128,flydsl,-1,4,5.973,flydsl_bmm_mxfp8_mfma_t64x32x256_w4x1_nb4_sk4_nt,157.28,818.0,0.0008
gfx950,1,128,1024,4096,128x128,flydsl,-1,4,6.056,flydsl_bmm_mxfp8_mfma_t64x32x256_w4x1_nb4_sk4_nt_xcd,177.3,823.16,0.0007
gfx950,1,144,1024,4096,128x128,flydsl,-1,4,7.21,flydsl_bmm_mxfp8_mfma_t64x64x256_w2x2_nb4_sk4,167.54,705.11,0.0008
gfx950,1,160,1024,4096,128x128,flydsl,-1,4,7.307,flydsl_bmm_mxfp8_mfma_t64x64x128_w2x2_nb4_sk4,183.68,709.26,0.0008
gfx950,1,176,1024,4096,128x128,flydsl,-1,4,7.378,flydsl_bmm_mxfp8_mfma_t64x64x128_w2x2_nb5_sk4,200.1,715.81,0.0008
gfx950,1,192,1024,4096,128x128,flydsl,-1,4,7.372,flydsl_bmm_mxfp8_mfma_t64x64x128_w2x4_nb5_sk4,218.48,729.84,0.0008
gfx950,1,208,1024,4096,128x128,flydsl,-1,4,7.632,flydsl_bmm_mxfp8_mfma_t64x64x128_w4x2_nb5_sk4,228.62,717.92,0.0009
gfx950,1,224,1024,4096,128x128,flydsl,-1,4,7.745,flydsl_bmm_mxfp8_mfma_t64x64x128_w4x1_nb5_sk4,242.61,720.19,0.0008
gfx950,1,240,1024,4096,128x128,flydsl,-1,2,7.163,flydsl_bmm_mxfp8_mfma_t64x32x256_w2x2_nb4_sk2,281.08,792.55,0.0008
gfx950,1,256,1024,4096,128x128,flydsl,-1,2,7.408,flydsl_bmm_mxfp8_mfma_t64x32x256_w2x2_nb4_sk2,289.9,779.69,0.0008
gfx950,1,288,1024,4096,128x128,flydsl,-1,1,8.63,flydsl_bmm_mxfp8_mfma_t64x32x256_w2x2_nb4_sk1,279.94,692.14,0.0009
gfx950,1,320,1024,4096,128x128,flydsl,-1,1,9.04,flydsl_bmm_mxfp8_mfma_t64x32x256_w2x2_nb4_sk1,296.95,682.63,0.0007
gfx950,1,352,1024,4096,128x128,flydsl,-1,1,8.672,flydsl_bmm_mxfp8_mfma_t64x32x256_w2x2_nb4_sk1,340.5,734.39,0.0008
gfx950,1,384,1024,4096,128x128,flydsl,-1,1,9.019,flydsl_bmm_mxfp8_mfma_t64x32x256_w2x2_nb5_sk1,357.16,728.03,0.0009
gfx950,1,416,1024,4096,128x128,flydsl,-1,1,9.086,flydsl_bmm_mxfp8_mfma_t64x32x256_w2x2_nb4_sk1,384.08,744.44,0.0008
gfx950,1,448,1024,4096,128x128,flydsl,-1,1,9.416,flydsl_bmm_mxfp8_mfma_t64x32x256_w2x2_nb5_sk1,399.13,739.33,0.0008
gfx950,1,480,1024,4096,128x128,flydsl,-1,1,9.525,flydsl_bmm_mxfp8_mfma_t32x64x256_w2x2_nb4_sk1,422.73,751.6,0.0009
gfx950,1,512,1024,4096,128x128,flydsl,-1,1,9.265,flydsl_bmm_mxfp8_mfma_t32x64x256_w2x2_nb4_sk1,463.57,794.02,0.0009
gfx950,1,544,1024,4096,128x128,flydsl,-1,1,11.047,flydsl_bmm_mxfp8_mfma_t64x64x256_w2x2_nb3_sk1,413.09,683.83,0.0008
gfx950,1,576,1024,4096,128x128,flydsl,-1,1,11.363,flydsl_bmm_mxfp8_mfma_t64x64x256_w2x2_nb4_sk1,425.22,682.2,0.0008
gfx950,1,608,1024,4096,128x128,flydsl,-1,1,10.916,flydsl_bmm_mxfp8_mfma_t64x64x256_w2x2_nb3_sk1,467.22,728.23,0.0008
gfx950,1,640,1024,4096,128x128,flydsl,-1,1,11.057,flydsl_bmm_mxfp8_mfma_t64x64x256_w2x2_nb4_sk1,485.53,736.81,0.0009
gfx950,1,672,1024,4096,128x128,flydsl,-1,1,11.183,flydsl_bmm_mxfp8_mfma_t64x64x256_w2x2_nb4_sk1,504.09,746.22,0.0009
gfx950,1,704,1024,4096,128x128,flydsl,-1,1,11.418,flydsl_bmm_mxfp8_mfma_t64x64x256_w2x2_nb4_sk1,517.24,748.19,0.0008
gfx950,1,736,1024,4096,128x128,flydsl,-1,1,10.711,flydsl_bmm_mxfp8_mfma_t64x64x256_w4x2_nb4_sk1,576.4,815.96,0.0008
gfx950,1,768,1024,4096,128x128,flydsl,-1,1,11.077,flydsl_bmm_mxfp8_mfma_t64x64x256_w2x2_nb3_sk1,581.61,806.87,0.0008
gfx950,1,800,1024,4096,128x128,flydsl,-1,1,11.592,flydsl_bmm_mxfp8_mfma_t64x64x256_w2x2_nb3_sk1,578.9,788.04,0.0008
gfx950,1,832,1024,4096,128x128,flydsl,-1,1,11.639,flydsl_bmm_mxfp8_mfma_t64x64x256_w2x2_nb3_sk1_xcd,599.67,801.9,0.0008
gfx950,1,864,1024,4096,128x128,flydsl,-1,1,11.324,flydsl_bmm_mxfp8_mfma_t64x64x256_w2x2_nb3_sk1,640.03,841.62,0.0008
gfx950,1,896,1024,4096,128x128,flydsl,-1,1,11.681,flydsl_bmm_mxfp8_mfma_t64x64x256_w2x2_nb4_sk1,643.43,832.79,0.0009
gfx950,1,928,1024,4096,128x128,flydsl,-1,1,12.123,flydsl_bmm_mxfp8_mfma_t64x64x128_w2x2_nb4_sk1,642.13,818.76,0.0008
gfx950,1,960,1024,4096,128x128,flydsl,-1,1,11.775,flydsl_bmm_mxfp8_mfma_t64x64x256_w2x2_nb3_sk1_xcd,683.93,859.77,0.0008
gfx950,1,992,1024,4096,128x128,flydsl,-1,1,12.072,flydsl_bmm_mxfp8_mfma_t64x64x256_w2x2_nb3_sk1,689.3,854.94,0.0008
gfx950,1,1024,1024,4096,128x128,flydsl,-1,1,12.093,flydsl_bmm_mxfp8_mfma_t64x64x256_w2x2_nb3_sk1_xcd,710.34,869.85,0.0008
gfx950,1,1088,1024,4096,128x128,flydsl,-1,1,14.652,flydsl_bmm_mxfp8_mfma_t96x64x256_w2x2_nb3_sk1_xcd,622.89,744.87,0.0008
gfx950,1,1152,1024,4096,128x128,flydsl,-1,1,14.572,flydsl_bmm_mxfp8_mfma_t96x64x256_w2x2_nb3_sk1,663.15,776.08,0.0008
gfx950,1,1216,1024,4096,128x128,flydsl,-1,1,14.687,flydsl_bmm_mxfp8_mfma_t96x64x256_w2x2_nb3_sk1_xcd,694.52,796.93,0.0009
gfx950,1,1280,1024,4096,128x128,flydsl,-1,1,14.52,flydsl_bmm_mxfp8_mfma_t96x64x256_w2x2_nb3_sk1_xcd,739.52,833.35,0.0008
gfx950,1,1344,1024,4096,128x128,flydsl,-1,1,14.184,flydsl_bmm_mxfp8_mfma_t96x64x256_w2x4_nb3_sk1_xcd,794.84,880.9,0.0008
gfx950,1,1408,1024,4096,128x128,flydsl,-1,1,14.283,flydsl_bmm_mxfp8_mfma_t96x64x256_w2x2_nb3_sk1_xcd,826.97,902.53,0.0008
gfx950,1,1472,1024,4096,128x128,flydsl,-1,1,14.097,flydsl_bmm_mxfp8_mfma_t96x64x256_w2x4_nb3_sk1_xcd,875.93,942.44,0.0009
gfx950,1,1536,1024,4096,128x128,flydsl,-1,1,14.335,flydsl_bmm_mxfp8_mfma_t96x64x256_w2x4_nb3_sk1,898.84,954.37,0.0008
gfx950,1,1600,1024,4096,128x128,flydsl,-1,1,16.244,flydsl_bmm_mxfp8_mfma_t128x64x256_w4x2_nb3_sk1_xcd,826.26,866.55,0.0008
gfx950,1,1664,1024,4096,128x128,flydsl,-1,1,15.917,flydsl_bmm_mxfp8_mfma_t64x128x256_w4x2_nb3_sk1_xcd,876.95,909.17,0.0008
gfx950,1,1728,1024,4096,128x128,flydsl,-1,1,16.088,flydsl_bmm_mxfp8_mfma_t128x64x256_w4x2_nb3_sk1_xcd,901.04,924.11,0.0008
gfx950,1,1792,1024,4096,128x128,flydsl,-1,1,16.107,flydsl_bmm_mxfp8_mfma_t64x128x256_w2x4_nb3_sk1,933.26,947.51,0.0008
gfx950,1,1856,1024,4096,128x128,flydsl,-1,1,16.484,flydsl_bmm_mxfp8_mfma_t64x128x256_w2x4_nb3_sk1_xcd,944.52,949.85,0.0009
gfx950,1,1920,1024,4096,128x128,flydsl,-1,1,16.569,flydsl_bmm_mxfp8_mfma_t64x128x256_w2x4_nb3_sk1_xcd,972.05,968.81,0.0009
gfx950,1,1984,1024,4096,128x128,flydsl,-1,1,16.533,flydsl_bmm_mxfp8_mfma_t128x64x256_w4x2_nb3_sk1_xcd,1006.68,994.87,0.0009
gfx950,1,2048,1024,4096,128x128,flydsl,-1,1,16.324,flydsl_bmm_mxfp8_mfma_t64x128x256_w4x2_nb3_sk1,1052.43,1031.79,0.0009
gfx950,1,4096,1024,4096,128x128,flydsl,-1,1,24.604,flydsl_bmm_mxfp8_mfma_t128x128x128_w4x2_nb4_sk1_xcd,1396.5,1198.64,0.0008
gfx950,1,6144,1024,4096,128x128,flydsl,-1,1,35.589,flydsl_bmm_mxfp8_mfma_t128x128x128_w1x2_nb3_sk1_bd2,1448.18,1184.06,0.0008
gfx950,1,8192,1024,4096,128x128,flydsl,-1,1,41.864,flydsl_bmm_mxfp8_mfma_t128x256x128_w1x4_nb3_sk1_bd2,1641.5,1308.73,0.0008
gfx950,1,10240,1024,4096,128x128,flydsl,-1,1,57.705,flydsl_bmm_mxfp8_mfma_t192x256x128_w1x4_nb3_sk1_bd2,1488.6,1168.65,0.0008
gfx950,1,12288,1024,4096,128x128,flydsl,-1,1,59.179,flydsl_bmm_mxfp8_mfma_t192x256x128_w1x4_nb4_sk1_bd2,1741.81,1353.26,0.0008
gfx950,1,14336,1024,4096,128x128,flydsl,-1,1,69.526,flydsl_bmm_mxfp8_mfma_t224x256x128_w1x4_nb2_sk1_bd1_xcd,1729.71,1333.81,0.0008
gfx950,1,16384,1024,4096,128x128,flydsl,-1,1,78.532,flydsl_bmm_mxfp8_mfma_t256x256x128_w1x4_nb2_sk1_bd1_xcd,1750.09,1341.89,0.0008
gfx950,1,32768,1024,4096,128x128,flydsl,-1,1,145.399,flydsl_bmm_mxfp8_mfma_t256x256x128_w1x4_nb2_sk1_bd1_xcd,1890.51,1420.71,0.0008
gfx950,2,1,1024,4096,128x128,flydsl,-1,4,5.021,flydsl_bmm_mxfp8_mfma_t16x32x256_w1x2_nb4_sk4_nt_sps,3.34,1673.22,0.0005
gfx950,2,2,1024,4096,128x128,flydsl,-1,4,4.971,flydsl_bmm_mxfp8_mfma_t16x32x256_w1x2_nb5_sk4_nt_sps,6.75,1692.42,0.0
gfx950,2,4,1024,4096,128x128,flydsl,-1,4,4.928,flydsl_bmm_mxfp8_mfma_t16x32x256_w1x2_nb5_sk4_nt_xcd_sps,13.62,1712.32,0.0009
gfx950,2,8,1024,4096,128x128,flydsl,-1,4,5.011,flydsl_bmm_mxfp8_mfma_t16x32x256_w1x2_nb5_sk4_nt_xcd_sps,26.78,1693.86,0.001
gfx950,2,16,1024,4096,128x128,flydsl,-1,4,5.081,flydsl_bmm_mxfp8_mfma_t16x32x256_w1x2_nb5_sk4_nt_xcd_sps,52.83,1690.07,0.0009
gfx950,2,32,1024,4096,128x128,flydsl,-1,4,5.563,flydsl_bmm_mxfp8_mfma_t32x32x512_w2x2_nb3_sk4_nt_xcd_sps,96.51,1579.09,0.0009
gfx950,2,48,1024,4096,128x128,flydsl,-1,4,6.292,flydsl_bmm_mxfp8_mfma_t64x32x512_w4x1_nb3_sk4_nt_sps,128.0,1427.64,0.0007
gfx950,2,64,1024,4096,128x128,flydsl,-1,4,6.541,flydsl_bmm_mxfp8_mfma_t64x32x512_w4x1_nb3_sk4_nt_sps,164.15,1403.38,0.0009
gfx950,2,80,1024,4096,128x128,flydsl,-1,4,7.99,flydsl_bmm_mxfp8_mfma_t64x64x256_w4x2_nb3_sk4,167.98,1173.59,0.0008
gfx950,2,96,1024,4096,128x128,flydsl,-1,4,8.03,flydsl_bmm_mxfp8_mfma_t64x64x256_w4x2_nb3_sk4_sps,200.58,1192.43,0.0009
gfx950,2,112,1024,4096,128x128,flydsl,-1,4,8.247,flydsl_bmm_mxfp8_mfma_t64x64x256_w4x2_nb3_sk4,227.84,1184.97,0.0008
gfx950,2,128,1024,4096,128x128,flydsl,-1,4,8.345,flydsl_bmm_mxfp8_mfma_t64x64x256_w4x2_nb3_sk4,257.34,1194.76,0.0009
gfx950,2,144,1024,4096,128x128,flydsl,-1,2,9.421,flydsl_bmm_mxfp8_mfma_t64x64x256_w4x1_nb3_sk2,256.44,1079.28,0.0009
gfx950,2,160,1024,4096,128x128,flydsl,-1,2,9.522,flydsl_bmm_mxfp8_mfma_t64x64x256_w4x2_nb3_sk2,281.92,1088.63,0.0008
gfx950,2,176,1024,4096,128x128,flydsl,-1,2,9.53,flydsl_bmm_mxfp8_mfma_t64x64x256_w4x2_nb4_sk2,309.84,1108.41,0.0007
gfx950,2,192,1024,4096,128x128,flydsl,-1,2,9.763,flydsl_bmm_mxfp8_mfma_t48x64x256_w1x4_nb3_sk2,329.95,1102.21,0.0008
gfx950,2,208,1024,4096,128x128,flydsl,-1,2,9.906,flydsl_bmm_mxfp8_mfma_t64x64x256_w4x1_nb3_sk2,352.29,1106.26,0.0008
gfx950,2,224,1024,4096,128x128,flydsl,-1,2,9.737,flydsl_bmm_mxfp8_mfma_t64x64x256_w4x2_nb3_sk2_xcd,385.94,1145.67,0.0009
gfx950,2,240,1024,4096,128x128,flydsl,-1,2,9.863,flydsl_bmm_mxfp8_mfma_t64x64x256_w4x2_nb3_sk2_xcd,408.24,1151.12,0.0008
gfx950,2,256,1024,4096,128x128,flydsl,-1,1,9.191,flydsl_bmm_mxfp8_mfma_t64x32x256_w2x2_nb4_sk1,467.31,1256.83,0.0009
gfx950,2,288,1024,4096,128x128,flydsl,-1,1,11.465,flydsl_bmm_mxfp8_mfma_t96x32x256_w2x2_nb4_sk1,421.45,1042.03,0.0009
gfx950,2,320,1024,4096,128x128,flydsl,-1,1,11.32,flydsl_bmm_mxfp8_mfma_t96x32x256_w2x2_nb4_sk1_bd2,474.27,1090.27,0.0009
gfx950,2,352,1024,4096,128x128,flydsl,-1,1,11.071,flydsl_bmm_mxfp8_mfma_t96x32x256_w2x2_nb4_sk1_bd2,533.42,1150.48,0.0008
gfx950,2,384,1024,4096,128x128,flydsl,-1,1,11.775,flydsl_bmm_mxfp8_mfma_t96x32x256_w2x2_nb4_sk1,547.13,1115.26,0.0008
gfx950,2,416,1024,4096,128x128,flydsl,-1,1,12.455,flydsl_bmm_mxfp8_mfma_t64x64x256_w2x2_nb4_sk1_xcd,560.35,1086.09,0.0008
gfx950,2,448,1024,4096,128x128,flydsl,-1,1,12.456,flydsl_bmm_mxfp8_mfma_t64x64x256_w2x1_nb4_sk1_xcd,603.4,1117.73,0.0009
gfx950,2,480,1024,4096,128x128,flydsl,-1,1,12.475,flydsl_bmm_mxfp8_mfma_t64x64x256_w2x2_nb3_sk1_bd2_xcd,645.53,1147.72,0.0008
gfx950,2,512,1024,4096,128x128,flydsl,-1,1,12.602,flydsl_bmm_mxfp8_mfma_t64x64x256_w2x2_nb3_sk1,681.65,1167.57,0.0008
gfx950,2,544,1024,4096,128x128,flydsl,-1,1,13.759,flydsl_bmm_mxfp8_mfma_t96x64x256_w2x2_nb3_sk1,663.33,1098.08,0.0008
gfx950,2,576,1024,4096,128x128,flydsl,-1,1,13.78,flydsl_bmm_mxfp8_mfma_t96x64x256_w2x2_nb3_sk1_xcd,701.28,1125.09,0.0008
gfx950,2,608,1024,4096,128x128,flydsl,-1,1,13.647,flydsl_bmm_mxfp8_mfma_t96x64x256_w2x2_nb3_sk1_xcd,747.48,1165.06,0.0009
gfx950,2,640,1024,4096,128x128,flydsl,-1,1,13.721,flydsl_bmm_mxfp8_mfma_t96x64x256_w2x2_nb3_sk1_xcd,782.58,1187.59,0.0008
gfx950,2,672,1024,4096,128x128,flydsl,-1,1,14.098,flydsl_bmm_mxfp8_mfma_t96x64x256_w2x2_nb3_sk1_xcd,799.69,1183.8,0.0009
gfx950,2,704,1024,4096,128x128,flydsl,-1,1,14.113,flydsl_bmm_mxfp8_mfma_t96x64x256_w2x2_nb3_sk1_xcd,836.88,1210.55,0.0008
gfx950,2,736,1024,4096,128x128,flydsl,-1,1,13.981,flydsl_bmm_mxfp8_mfma_t96x64x256_w2x2_nb3_sk1_xcd,883.17,1250.24,0.0008
gfx950,2,768,1024,4096,128x128,flydsl,-1,1,14.262,flydsl_bmm_mxfp8_mfma_t96x64x256_w2x2_nb3_sk1_xcd,903.45,1253.38,0.0008
gfx950,2,800,1024,4096,128x128,flydsl,-1,1,16.428,flydsl_bmm_mxfp8_mfma_t128x64x256_w4x2_nb3_sk1_xcd,817.03,1112.2,0.0008
gfx950,2,832,1024,4096,128x128,flydsl,-1,1,15.919,flydsl_bmm_mxfp8_mfma_t128x64x256_w4x2_nb3_sk1_xcd,876.85,1172.55,0.0009
gfx950,2,864,1024,4096,128x128,flydsl,-1,1,15.755,flydsl_bmm_mxfp8_mfma_t64x128x256_w2x4_nb3_sk1_xcd,920.03,1209.82,0.0009
gfx950,2,896,1024,4096,128x128,flydsl,-1,1,16.158,flydsl_bmm_mxfp8_mfma_t64x128x256_w2x4_nb3_sk1_xcd,930.33,1204.13,0.0008
gfx950,2,928,1024,4096,128x128,flydsl,-1,1,16.109,flydsl_bmm_mxfp8_mfma_t64x128x256_w4x2_nb3_sk1_xcd,966.47,1232.3,0.0008
gfx950,2,960,1024,4096,128x128,flydsl,-1,1,16.185,flydsl_bmm_mxfp8_mfma_t128x64x256_w4x2_nb3_sk1_xcd,995.13,1250.98,0.0008
gfx950,2,992,1024,4096,128x128,flydsl,-1,1,16.15,flydsl_bmm_mxfp8_mfma_t64x128x256_w2x4_nb3_sk1_xcd,1030.52,1278.16,0.0008
gfx950,2,1024,1024,4096,128x128,flydsl,-1,1,16.617,flydsl_bmm_mxfp8_mfma_t64x128x256_w4x2_nb3_sk1_xcd,1033.85,1266.0,0.0008
gfx950,2,1088,1024,4096,128x128,flydsl,-1,1,21.141,flydsl_bmm_mxfp8_mfma_t128x128x128_w4x2_nb4_sk1_xcd,863.42,1032.49,0.0009
gfx950,2,1152,1024,4096,128x128,flydsl,-1,1,21.122,flydsl_bmm_mxfp8_mfma_t128x128x128_w4x2_nb4_sk1_xcd,915.04,1070.86,0.0008
gfx950,2,1216,1024,4096,128x128,flydsl,-1,1,20.989,flydsl_bmm_mxfp8_mfma_t128x128x128_w4x2_nb4_sk1_xcd,971.97,1115.28,0.0008
gfx950,2,1280,1024,4096,128x128,flydsl,-1,1,21.77,flydsl_bmm_mxfp8_mfma_t128x128x128_w4x2_nb4_sk1_xcd,986.46,1111.62,0.0008
gfx950,2,1344,1024,4096,128x128,flydsl,-1,1,21.947,flydsl_bmm_mxfp8_mfma_t128x128x128_w4x2_nb4_sk1_xcd,1027.4,1138.65,0.0008
gfx950,2,1408,1024,4096,128x128,flydsl,-1,1,22.344,flydsl_bmm_mxfp8_mfma_t128x128x128_w4x2_nb4_sk1_xcd,1057.19,1153.79,0.0009
gfx950,2,1472,1024,4096,128x128,flydsl,-1,1,22.275,flydsl_bmm_mxfp8_mfma_t128x128x128_w4x2_nb4_sk1_xcd,1108.68,1192.87,0.0008
gfx950,2,1536,1024,4096,128x128,flydsl,-1,1,22.481,flydsl_bmm_mxfp8_mfma_t128x128x128_w4x2_nb4_sk1_xcd,1146.3,1217.12,0.0008
gfx950,2,1600,1024,4096,128x128,flydsl,-1,1,23.258,flydsl_bmm_mxfp8_mfma_t128x128x128_w4x2_nb4_sk1_xcd,1154.16,1210.44,0.0009
gfx950,2,1664,1024,4096,128x128,flydsl,-1,1,22.975,flydsl_bmm_mxfp8_mfma_t128x128x128_w4x2_nb4_sk1_xcd,1215.11,1259.74,0.0009
gfx950,2,1728,1024,4096,128x128,flydsl,-1,1,23.709,flydsl_bmm_mxfp8_mfma_t128x128x128_w4x2_nb3_sk1_xcd,1222.8,1254.11,0.0008
gfx950,2,1792,1024,4096,128x128,flydsl,-1,1,23.864,flydsl_bmm_mxfp8_mfma_t128x128x128_w4x2_nb4_sk1_xcd,1259.86,1279.1,0.0008
gfx950,2,1856,1024,4096,128x128,flydsl,-1,1,23.931,flydsl_bmm_mxfp8_mfma_t128x128x128_w4x2_nb4_sk1_xcd,1301.19,1308.54,0.0008
gfx950,2,1920,1024,4096,128x128,flydsl,-1,1,24.207,flydsl_bmm_mxfp8_mfma_t128x128x128_w4x2_nb4_sk1_xcd,1330.72,1326.29,0.0008
gfx950,2,1984,1024,4096,128x128,flydsl,-1,1,24.23,flydsl_bmm_mxfp8_mfma_t128x128x128_w4x2_nb4_sk1_xcd,1373.75,1357.63,0.0008
gfx950,2,2048,1024,4096,128x128,flydsl,-1,1,24.582,flydsl_bmm_mxfp8_mfma_t128x128x128_w4x2_nb4_sk1,1397.74,1370.34,0.0008
gfx950,2,4096,1024,4096,128x128,flydsl,-1,1,43.182,flydsl_bmm_mxfp8_mfma_t128x256x128_w1x4_nb3_sk1_bd2_xcd,1591.4,1365.92,0.0008
gfx950,2,6144,1024,4096,128x128,flydsl,-1,1,59.915,flydsl_bmm_mxfp8_mfma_t192x256x128_w1x4_nb3_sk1_bd2_xcd,1720.43,1406.66,0.0009
gfx950,2,8192,1024,4096,128x128,flydsl,-1,1,74.296,flydsl_bmm_mxfp8_mfma_t256x256x128_w4x2_nb2_sk1,1849.87,1474.86,0.0008
gfx950,2,10240,1024,4096,128x128,flydsl,-1,1,104.074,flydsl_bmm_mxfp8_mfma_t128x128x128_w1x4_nb4_sk1_bd3_xcd,1650.73,1295.93,0.0008
gfx950,2,12288,1024,4096,128x128,flydsl,-1,1,109.153,flydsl_bmm_mxfp8_mfma_t192x256x128_w1x4_nb3_sk1_bd2_xcd,1888.72,1467.4,0.0008
gfx950,2,14336,1024,4096,128x128,flydsl,-1,1,129.681,flydsl_bmm_mxfp8_mfma_t256x256x128_w4x2_nb2_sk1_xcd,1854.69,1430.18,0.0008
gfx950,2,16384,1024,4096,128x128,flydsl,-1,1,137.934,flydsl_bmm_mxfp8_mfma_t256x256x128_w4x2_nb2_sk1_xcd,1992.82,1528.01,0.0008
gfx950,2,32768,1024,4096,128x128,flydsl,-1,1,266.044,flydsl_bmm_mxfp8_mfma_t256x256x128_w4x2_nb2_sk1_xcd,2066.41,1552.9,0.0008
gfx950,4,1,1024,4096,128x128,flydsl,-1,2,6.41,flydsl_bmm_mxfp8_mfma_t16x64x256_w1x4_nb4_sk2,5.23,2621.22,0.001
gfx950,4,2,1024,4096,128x128,flydsl,-1,4,6.583,flydsl_bmm_mxfp8_mfma_t16x64x256_w1x4_nb4_sk4_nt,10.19,2556.38,0.0005
gfx950,4,4,1024,4096,128x128,flydsl,-1,4,6.491,flydsl_bmm_mxfp8_mfma_t16x32x256_w1x2_nb3_sk4_nt_sps,20.68,2600.09,0.0009
gfx950,4,8,1024,4096,128x128,flydsl,-1,4,6.599,flydsl_bmm_mxfp8_mfma_t16x32x256_w1x2_nb3_sk4_sps,40.68,2572.3,0.0008
gfx950,4,16,1024,4096,128x128,flydsl,-1,4,6.678,flydsl_bmm_mxfp8_mfma_t16x32x512_w1x2_nb3_sk4_sps,80.4,2571.79,0.0009
gfx950,4,32,1024,4096,128x128,flydsl,-1,2,6.909,flydsl_bmm_mxfp8_mfma_t32x32x512_w2x2_nb3_sk2_nt_sps,155.41,2542.9,0.0008
gfx950,4,48,1024,4096,128x128,flydsl,-1,2,7.755,flydsl_bmm_mxfp8_mfma_t64x32x512_w4x1_nb3_sk2,207.68,2316.37,0.0007
gfx950,4,64,1024,4096,128x128,flydsl,-1,2,7.934,flydsl_bmm_mxfp8_mfma_t64x32x512_w4x1_nb3_sk2_nt,270.65,2313.88,0.0008
gfx950,4,80,1024,4096,128x128,flydsl,-1,1,8.996,flydsl_bmm_mxfp8_mfma_t64x32x512_w4x1_nb3_sk1,298.4,2084.8,0.0008
gfx950,4,96,1024,4096,128x128,flydsl,-1,1,8.969,flydsl_bmm_mxfp8_mfma_t64x32x512_w4x1_nb3_sk1,359.16,2135.15,0.0008
gfx950,4,112,1024,4096,128x128,flydsl,-1,1,8.773,flydsl_bmm_mxfp8_mfma_t64x32x256_w4x1_nb4_sk1,428.37,2227.87,0.0008
gfx950,4,128,1024,4096,128x128,flydsl,-1,1,9.334,flydsl_bmm_mxfp8_mfma_t64x32x256_w4x1_nb4_sk1_xcd,460.16,2136.37,0.0009
gfx950,4,144,1024,4096,128x128,flydsl,-1,1,11.137,flydsl_bmm_mxfp8_mfma_t64x64x256_w2x2_nb4_sk1_xcd,433.86,1825.95,0.0009
gfx950,4,160,1024,4096,128x128,flydsl,-1,1,11.0,flydsl_bmm_mxfp8_mfma_t64x64x256_w4x2_nb4_sk1_xcd,488.05,1884.56,0.0008
gfx950,4,176,1024,4096,128x128,flydsl,-1,1,11.07,flydsl_bmm_mxfp8_mfma_t64x64x256_w2x2_nb3_sk1_xcd,533.46,1908.36,0.0007
gfx950,4,192,1024,4096,128x128,flydsl,-1,1,11.309,flydsl_bmm_mxfp8_mfma_t64x64x256_w2x2_nb3_sk1_xcd,569.66,1902.98,0.0009
gfx950,4,208,1024,4096,128x128,flydsl,-1,1,11.426,flydsl_bmm_mxfp8_mfma_t64x64x256_w2x2_nb4_sk1_xcd,610.84,1918.18,0.0008
gfx950,4,224,1024,4096,128x128,flydsl,-1,1,11.474,flydsl_bmm_mxfp8_mfma_t64x64x256_w2x2_nb3_sk1_xcd,655.06,1944.56,0.0009
gfx950,4,240,1024,4096,128x128,flydsl,-1,1,11.842,flydsl_bmm_mxfp8_mfma_t64x64x256_w2x2_nb3_sk1_xcd,680.02,1917.46,0.0008
gfx950,4,256,1024,4096,128x128,flydsl,-1,1,11.956,flydsl_bmm_mxfp8_mfma_t64x64x256_w2x2_nb3_sk1_xcd,718.49,1932.37,0.0008
gfx950,4,288,1024,4096,128x128,flydsl,-1,1,14.133,flydsl_bmm_mxfp8_mfma_t96x64x256_w2x2_nb3_sk1_xcd,683.76,1690.56,0.0008
gfx950,4,320,1024,4096,128x128,flydsl,-1,1,14.639,flydsl_bmm_mxfp8_mfma_t96x64x256_w2x2_nb3_sk1_xcd,733.47,1686.14,0.0008
gfx950,4,352,1024,4096,128x128,flydsl,-1,1,13.988,flydsl_bmm_mxfp8_mfma_t96x64x256_w2x2_nb3_sk1_xcd,844.36,1821.09,0.0009
gfx950,4,384,1024,4096,128x128,flydsl,-1,1,14.107,flydsl_bmm_mxfp8_mfma_t96x64x256_w2x2_nb3_sk1_xcd,913.39,1861.86,0.0008
gfx950,4,416,1024,4096,128x128,flydsl,-1,1,16.034,flydsl_bmm_mxfp8_mfma_t128x64x256_w4x2_nb3_sk1,870.55,1687.33,0.0008
gfx950,4,448,1024,4096,128x128,flydsl,-1,1,16.107,flydsl_bmm_mxfp8_mfma_t128x64x256_w4x2_nb3_sk1,933.27,1728.77,0.0008
gfx950,4,480,1024,4096,128x128,flydsl,-1,1,16.324,flydsl_bmm_mxfp8_mfma_t128x64x256_w4x2_nb3_sk1,986.66,1754.24,0.0009
gfx950,4,512,1024,4096,128x128,flydsl,-1,1,16.692,flydsl_bmm_mxfp8_mfma_t128x64x256_w4x2_nb3_sk1_xcd,1029.2,1762.87,0.0008
gfx950,4,544,1024,4096,128x128,flydsl,-1,1,18.417,flydsl_bmm_mxfp8_mfma_t96x128x128_w1x4_nb4_sk1_bd2_xcd,991.12,1640.71,0.0008
gfx950,4,576,1024,4096,128x128,flydsl,-1,1,18.597,flydsl_bmm_mxfp8_mfma_t96x128x128_w1x4_nb5_sk1_bd2_xcd,1039.25,1667.32,0.0008
gfx950,4,608,1024,4096,128x128,flydsl,-1,1,18.656,flydsl_bmm_mxfp8_mfma_t96x128x128_w1x4_nb5_sk1_bd2_xcd,1093.52,1704.42,0.0008
gfx950,4,640,1024,4096,128x128,flydsl,-1,1,18.703,flydsl_bmm_mxfp8_mfma_t96x128x128_w1x4_nb6_sk1_bd2_xcd,1148.23,1742.47,0.0008
gfx950,4,672,1024,4096,128x128,flydsl,-1,1,18.991,flydsl_bmm_mxfp8_mfma_t96x128x128_w1x4_nb6_sk1_bd3_xcd,1187.33,1757.63,0.0009
gfx950,4,704,1024,4096,128x128,flydsl,-1,1,18.921,flydsl_bmm_mxfp8_mfma_t96x128x128_w1x4_nb6_sk1_bd2_xcd,1248.45,1805.89,0.0008
gfx950,4,736,1024,4096,128x128,flydsl,-1,1,19.733,flydsl_bmm_mxfp8_mfma_t96x128x128_w1x4_nb7_sk1_bd2_xcd,1251.52,1771.68,0.0009
gfx950,4,768,1024,4096,128x128,flydsl,-1,1,19.504,flydsl_bmm_mxfp8_mfma_t96x128x128_w1x4_nb7_sk1_bd2_xcd,1321.23,1832.97,0.0008
gfx950,4,800,1024,4096,128x128,flydsl,-1,1,23.151,flydsl_bmm_mxfp8_mfma_t128x128x128_w1x4_nb4_sk1_bd3_xcd,1159.51,1578.41,0.0009
gfx950,4,832,1024,4096,128x128,flydsl,-1,1,23.072,flydsl_bmm_mxfp8_mfma_t128x128x128_w1x4_nb4_sk1_bd2_nt_xcd,1209.99,1618.05,0.0009
gfx950,4,864,1024,4096,128x128,flydsl,-1,1,23.548,flydsl_bmm_mxfp8_mfma_t128x128x128_w1x4_nb4_sk1_bd2_xcd,1231.13,1618.9,0.0008
gfx950,4,896,1024,4096,128x128,flydsl,-1,1,23.662,flydsl_bmm_mxfp8_mfma_t128x128x128_w1x4_nb4_sk1_bd2_xcd,1270.57,1644.51,0.0008
gfx950,4,928,1024,4096,128x128,flydsl,-1,1,23.055,flydsl_bmm_mxfp8_mfma_t128x128x128_w1x4_nb4_sk1_bd3_xcd,1350.63,1722.14,0.0008
gfx950,4,960,1024,4096,128x128,flydsl,-1,1,23.735,flydsl_bmm_mxfp8_mfma_t128x128x128_w4x2_nb4_sk1_nt_xcd,1357.16,1706.09,0.0009
gfx950,4,992,1024,4096,128x128,flydsl,-1,1,24.121,flydsl_bmm_mxfp8_mfma_t128x128x128_w4x2_nb4_sk1_xcd,1379.97,1711.58,0.0008
gfx950,4,1024,1024,4096,128x128,flydsl,-1,1,24.163,flydsl_bmm_mxfp8_mfma_t128x128x128_w4x2_nb4_sk1_xcd,1422.01,1741.32,0.0008
gfx950,4,1088,1024,4096,128x128,flydsl,-1,1,30.155,flydsl_bmm_mxfp8_mfma_t96x128x128_w1x2_nb3_sk1_bd2_xcd,1210.65,1447.72,0.0009
gfx950,4,1152,1024,4096,128x128,flydsl,-1,1,30.453,flydsl_bmm_mxfp8_mfma_t96x128x128_w1x2_nb4_sk1_bd2_xcd,1269.33,1485.49,0.0009
gfx950,4,1216,1024,4096,128x128,flydsl,-1,1,30.588,flydsl_bmm_mxfp8_mfma_t96x128x128_w1x2_nb4_sk1_bd2_xcd,1333.93,1530.61,0.0008
gfx950,4,1280,1024,4096,128x128,flydsl,-1,1,30.737,flydsl_bmm_mxfp8_mfma_t96x256x128_w1x4_nb3_sk1_bd2_xcd,1397.32,1574.62,0.0008
gfx950,4,1344,1024,4096,128x128,flydsl,-1,1,31.52,flydsl_bmm_mxfp8_mfma_t96x256x128_w1x4_nb4_sk1_bd2_xcd,1430.75,1585.67,0.0008
gfx950,4,1408,1024,4096,128x128,flydsl,-1,1,32.199,flydsl_bmm_mxfp8_mfma_t96x256x128_w1x4_nb4_sk1_bd3_xcd,1467.28,1601.35,0.0008
gfx950,4,1472,1024,4096,128x128,flydsl,-1,1,31.949,flydsl_bmm_mxfp8_mfma_t96x256x128_w1x4_nb4_sk1_bd2_xcd,1545.98,1663.36,0.0008
gfx950,4,1536,1024,4096,128x128,flydsl,-1,1,32.873,flydsl_bmm_mxfp8_mfma_t96x256x128_w1x4_nb4_sk1_bd2_xcd,1567.85,1664.7,0.0008
gfx950,4,1600,1024,4096,128x128,flydsl,-1,1,37.658,flydsl_bmm_mxfp8_mfma_t128x256x128_w1x4_nb4_sk1_bd2_xcd,1425.65,1495.15,0.0009
gfx950,4,1664,1024,4096,128x128,flydsl,-1,1,37.531,flydsl_bmm_mxfp8_mfma_t128x256x128_w1x4_nb4_sk1_bd3_xcd,1487.7,1542.35,0.0008
gfx950,4,1728,1024,4096,128x128,flydsl,-1,1,38.886,flydsl_bmm_mxfp8_mfma_t128x256x128_w1x4_nb4_sk1_bd3_xcd,1491.06,1529.24,0.0008
gfx950,4,1792,1024,4096,128x128,flydsl,-1,1,39.108,flydsl_bmm_mxfp8_mfma_t128x256x128_w1x4_nb4_sk1_bd3_xcd,1537.54,1561.02,0.0008
gfx950,4,1856,1024,4096,128x128,flydsl,-1,1,39.876,flydsl_bmm_mxfp8_mfma_t128x256x128_w1x4_nb3_sk1_bd2_xcd,1561.76,1570.59,0.0008
gfx950,4,1920,1024,4096,128x128,flydsl,-1,1,40.647,flydsl_bmm_mxfp8_mfma_t128x256x128_w1x4_nb3_sk1_bd2_xcd,1584.96,1579.68,0.0009
gfx950,4,1984,1024,4096,128x128,flydsl,-1,1,42.355,flydsl_bmm_mxfp8_mfma_t128x256x128_w1x4_nb3_sk1_bd2_nt_xcd,1571.78,1553.34,0.0008
gfx950,4,2048,1024,4096,128x128,flydsl,-1,1,41.508,flydsl_bmm_mxfp8_mfma_t128x256x128_w1x4_nb3_sk1_bd2_xcd,1655.57,1623.1,0.0008
gfx950,4,4096,1024,4096,128x128,flydsl,-1,1,73.544,flydsl_bmm_mxfp8_mfma_t256x256x128_w4x2_nb2_sk1_nt_xcd,1868.79,1604.01,0.0008
gfx950,4,6144,1024,4096,128x128,flydsl,-1,1,105.634,flydsl_bmm_mxfp8_mfma_t192x256x128_w1x4_nb3_sk1_bd2_xcd,1951.63,1595.69,0.0008
gfx950,4,8192,1024,4096,128x128,flydsl,-1,1,135.331,flydsl_bmm_mxfp8_mfma_t256x256x128_w4x2_nb2_sk1,2031.16,1619.39,0.0008
gfx950,4,10240,1024,4096,128x128,flydsl,-1,1,177.873,flydsl_bmm_mxfp8_mfma_t128x256x128_w1x4_nb3_sk1_bd2_xcd,1931.7,1516.51,0.0008
gfx950,4,12288,1024,4096,128x128,flydsl,-1,1,197.769,flydsl_bmm_mxfp8_mfma_t256x256x128_w4x2_nb2_sk1_xcd,2084.84,1619.78,0.0008
gfx950,4,14336,1024,4096,128x128,flydsl,-1,1,246.296,flydsl_bmm_mxfp8_mfma_t256x256x128_w4x2_nb2_sk1_xcd,1953.08,1506.05,0.0008
gfx950,4,16384,1024,4096,128x128,flydsl,-1,1,260.805,flydsl_bmm_mxfp8_mfma_t256x256x128_w4x2_nb2_sk1_xcd,2107.92,1616.26,0.0008
gfx950,4,32768,1024,4096,128x128,flydsl,-1,1,513.319,flydsl_bmm_mxfp8_mfma_t256x256x128_w4x2_nb2_sk1_xcd,2141.96,1609.68,0.0008
gfx950,8,1,1024,4096,128x128,flydsl,-1,1,7.407,flydsl_bmm_mxfp8_mfma_t16x32x256_w1x2_nb5_sk1_xcd,9.06,4537.09,0.0015
gfx950,8,2,1024,4096,128x128,flydsl,-1,1,7.288,flydsl_bmm_mxfp8_mfma_t16x32x256_w1x2_nb5_sk1_xcd_sps,18.42,4617.88,0.0007
gfx950,8,4,1024,4096,128x128,flydsl,-1,1,7.372,flydsl_bmm_mxfp8_mfma_t16x32x256_w1x2_nb5_sk1_xcd_sps,36.41,4578.73,0.0009
gfx950,8,8,1024,4096,128x128,flydsl,-1,1,7.491,flydsl_bmm_mxfp8_mfma_t16x32x256_w1x2_nb5_sk1_xcd_sps,71.67,4532.58,0.0008
gfx950,8,16,1024,4096,128x128,flydsl,-1,1,7.805,flydsl_bmm_mxfp8_mfma_t16x32x256_w1x2_nb5_sk1_xcd,137.58,4400.88,0.001
gfx950,8,32,1024,4096,128x128,flydsl,-1,1,8.728,flydsl_bmm_mxfp8_mfma_t32x32x256_w1x2_nb4_sk1_bd2,246.03,4025.65,0.0008
gfx950,8,48,1024,4096,128x128,flydsl,-1,1,9.501,flydsl_bmm_mxfp8_mfma_t48x32x256_w1x2_nb4_sk1_bd2,339.04,3781.46,0.0007
gfx950,8,64,1024,4096,128x128,flydsl,-1,1,9.764,flydsl_bmm_mxfp8_mfma_t64x32x512_w4x1_nb3_sk1_nt,439.87,3760.51,0.0008
gfx950,8,80,1024,4096,128x128,flydsl,-1,1,12.416,flydsl_bmm_mxfp8_mfma_t64x64x256_w2x2_nb4_sk1_xcd,432.41,3021.11,0.0008
gfx950,8,96,1024,4096,128x128,flydsl,-1,1,12.751,flydsl_bmm_mxfp8_mfma_t64x64x256_w2x4_nb4_sk1_xcd,505.26,3003.7,0.0009
gfx950,8,112,1024,4096,128x128,flydsl,-1,1,12.626,flydsl_bmm_mxfp8_mfma_t64x64x256_w1x4_nb4_sk1_xcd,595.28,3095.93,0.0008
gfx950,8,128,1024,4096,128x128,flydsl,-1,1,12.66,flydsl_bmm_mxfp8_mfma_t64x64x256_w4x1_nb3_sk1_nt_xcd,678.52,3150.2,0.0009
gfx950,8,144,1024,4096,128x128,flydsl,-1,1,16.449,flydsl_bmm_mxfp8_mfma_t128x64x256_w4x2_nb3_sk1_xcd,587.5,2472.58,0.0009
gfx950,8,160,1024,4096,128x128,flydsl,-1,1,16.424,flydsl_bmm_mxfp8_mfma_t128x64x256_w4x2_nb3_sk1_xcd,653.75,2524.39,0.0008
gfx950,8,176,1024,4096,128x128,flydsl,-1,1,16.494,flydsl_bmm_mxfp8_mfma_t128x64x256_w4x2_nb3_sk1_xcd,716.09,2561.69,0.0009
gfx950,8,192,1024,4096,128x128,flydsl,-1,1,16.455,flydsl_bmm_mxfp8_mfma_t128x64x256_w4x2_nb3_sk1_xcd,783.06,2615.85,0.0008
gfx950,8,208,1024,4096,128x128,flydsl,-1,1,16.762,flydsl_bmm_mxfp8_mfma_t128x64x256_w4x2_nb3_sk1_xcd,832.73,2614.97,0.0008
gfx950,8,224,1024,4096,128x128,flydsl,-1,1,16.757,flydsl_bmm_mxfp8_mfma_t128x64x256_w4x2_nb3_sk1_xcd,897.09,2663.02,0.0008
gfx950,8,240,1024,4096,128x128,flydsl,-1,1,17.209,flydsl_bmm_mxfp8_mfma_t128x64x256_w4x2_nb3_sk1_nt_xcd,935.92,2639.02,0.0009
gfx950,8,256,1024,4096,128x128,flydsl,-1,1,17.265,flydsl_bmm_mxfp8_mfma_t128x64x256_w4x2_nb3_sk1_nt_xcd,995.05,2676.16,0.0008
gfx950,8,288,1024,4096,128x128,flydsl,-1,1,21.209,flydsl_bmm_mxfp8_mfma_t96x128x128_w2x2_nb3_sk1_xcd,911.28,2253.1,0.0008
gfx950,8,320,1024,4096,128x128,flydsl,-1,1,21.062,flydsl_bmm_mxfp8_mfma_t96x128x128_w2x2_nb4_sk1_xcd,1019.58,2343.84,0.0008
gfx950,8,352,1024,4096,128x128,flydsl,-1,1,20.955,flydsl_bmm_mxfp8_mfma_t96x128x128_w2x2_nb4_sk1_nt_xcd,1127.3,2431.34,0.0008
gfx950,8,384,1024,4096,128x128,flydsl,-1,1,21.256,flydsl_bmm_mxfp8_mfma_t96x128x128_w2x2_nb4_sk1_nt_xcd,1212.34,2471.23,0.0008
gfx950,8,416,1024,4096,128x128,flydsl,-1,1,25.135,flydsl_bmm_mxfp8_mfma_t128x128x128_w4x2_nb3_sk1_xcd,1110.69,2152.77,0.0009
gfx950,8,448,1024,4096,128x128,flydsl,-1,1,24.171,flydsl_bmm_mxfp8_mfma_t128x128x128_w4x2_nb4_sk1_xcd,1243.85,2304.07,0.0008
gfx950,8,480,1024,4096,128x128,flydsl,-1,1,24.21,flydsl_bmm_mxfp8_mfma_t128x128x128_w4x2_nb4_sk1_nt_xcd,1330.56,2365.69,0.0008
gfx950,8,512,1024,4096,128x128,flydsl,-1,1,24.245,flydsl_bmm_mxfp8_mfma_t128x128x128_w4x2_nb4_sk1_nt_xcd,1417.21,2427.48,0.0008
gfx950,8,544,1024,4096,128x128,flydsl,-1,1,30.642,flydsl_bmm_mxfp8_mfma_t96x128x128_w1x2_nb3_sk1_bd2_xcd,1191.41,1972.27,0.0008
gfx950,8,576,1024,4096,128x128,flydsl,-1,1,30.85,flydsl_bmm_mxfp8_mfma_t96x128x128_w1x2_nb3_sk1_bd2_xcd,1252.98,2010.22,0.0009
gfx950,8,608,1024,4096,128x128,flydsl,-1,1,31.742,flydsl_bmm_mxfp8_mfma_t96x128x128_w1x2_nb4_sk1_bd2_xcd,1285.41,2003.52,0.0009
gfx950,8,640,1024,4096,128x128,flydsl,-1,1,31.047,flydsl_bmm_mxfp8_mfma_t96x128x128_w1x2_nb4_sk1_bd3_xcd,1383.4,2099.35,0.0008
gfx950,8,672,1024,4096,128x128,flydsl,-1,1,32.502,flydsl_bmm_mxfp8_mfma_t96x128x128_w1x2_nb4_sk1_bd3_xcd,1387.5,2053.96,0.0008
gfx950,8,704,1024,4096,128x128,flydsl,-1,1,33.67,flydsl_bmm_mxfp8_mfma_t96x256x128_w1x4_nb3_sk1_bd2_xcd,1403.18,2029.71,0.0008
gfx950,8,736,1024,4096,128x128,flydsl,-1,1,34.09,flydsl_bmm_mxfp8_mfma_t96x256x128_w1x4_nb4_sk1_bd2_xcd,1448.87,2051.06,0.0008
gfx950,8,768,1024,4096,128x128,flydsl,-1,1,33.883,flydsl_bmm_mxfp8_mfma_t96x256x128_w1x4_nb4_sk1_bd3_xcd,1521.09,2110.24,0.0008
gfx950,8,800,1024,4096,128x128,flydsl,-1,1,38.549,flydsl_bmm_mxfp8_mfma_t128x256x128_w1x4_nb3_sk1_bd2_nt_xcd,1392.69,1895.83,0.0009
gfx950,8,832,1024,4096,128x128,flydsl,-1,1,39.527,flydsl_bmm_mxfp8_mfma_t128x256x128_w1x4_nb3_sk1_bd2_xcd,1412.56,1888.92,0.0008
gfx950,8,864,1024,4096,128x128,flydsl,-1,1,39.601,flydsl_bmm_mxfp8_mfma_t128x256x128_w1x4_nb3_sk1_bd2_nt_xcd,1464.14,1925.31,0.0009
gfx950,8,896,1024,4096,128x128,flydsl,-1,1,40.005,flydsl_bmm_mxfp8_mfma_t128x256x128_w1x4_nb4_sk1_bd2_nt_xcd,1503.04,1945.39,0.0008
gfx950,8,928,1024,4096,128x128,flydsl,-1,1,41.023,flydsl_bmm_mxfp8_mfma_t128x256x128_w1x4_nb3_sk1_bd2_nt_xcd,1518.1,1935.68,0.0008
gfx950,8,960,1024,4096,128x128,flydsl,-1,1,42.177,flydsl_bmm_mxfp8_mfma_t128x256x128_w1x4_nb4_sk1_bd2_nt_xcd,1527.47,1920.18,0.0008
gfx950,8,992,1024,4096,128x128,flydsl,-1,1,41.394,flydsl_bmm_mxfp8_mfma_t128x256x128_w1x4_nb3_sk1_bd2_nt_xcd,1608.26,1994.73,0.0008
gfx950,8,1024,1024,4096,128x128,flydsl,-1,1,44.005,flydsl_bmm_mxfp8_mfma_t128x256x128_w1x4_nb3_sk1_bd2_xcd,1561.62,1912.27,0.0008
gfx950,8,1088,1024,4096,128x128,flydsl,-1,1,52.743,flydsl_bmm_mxfp8_mfma_t192x256x128_w1x4_nb3_sk1_bd2_xcd,1384.33,1655.42,0.0008
gfx950,8,1152,1024,4096,128x128,flydsl,-1,1,52.172,flydsl_bmm_mxfp8_mfma_t192x256x128_w1x4_nb3_sk1_bd2_xcd,1481.81,1734.15,0.0008
gfx950,8,1216,1024,4096,128x128,flydsl,-1,1,54.222,flydsl_bmm_mxfp8_mfma_t192x256x128_w1x4_nb3_sk1_bd2_xcd,1505.01,1726.92,0.0008
gfx950,8,1280,1024,4096,128x128,flydsl,-1,1,54.829,flydsl_bmm_mxfp8_mfma_t192x256x128_w1x4_nb4_sk1_bd2_xcd,1566.67,1765.45,0.0008
gfx950,8,1344,1024,4096,128x128,flydsl,-1,1,55.831,flydsl_bmm_mxfp8_mfma_t192x256x128_w1x4_nb4_sk1_bd3_xcd,1615.49,1790.42,0.0008
gfx950,8,1408,1024,4096,128x128,flydsl,-1,1,58.211,flydsl_bmm_mxfp8_mfma_t192x256x128_w1x4_nb4_sk1_bd3_nt_xcd,1623.23,1771.55,0.0008
gfx950,8,1472,1024,4096,128x128,flydsl,-1,1,58.043,flydsl_bmm_mxfp8_mfma_t192x256x128_w1x4_nb4_sk1_bd2_nt_xcd,1701.91,1831.14,0.0008
gfx950,8,1536,1024,4096,128x128,flydsl,-1,1,58.765,flydsl_bmm_mxfp8_mfma_t192x256x128_w1x4_nb4_sk1_bd2_xcd,1754.08,1862.44,0.0008
gfx950,8,1600,1024,4096,128x128,flydsl,-1,1,68.399,flydsl_bmm_mxfp8_mfma_t256x256x128_w4x2_nb2_sk1_xcd,1569.82,1646.36,0.0008
gfx950,8,1664,1024,4096,128x128,flydsl,-1,1,67.893,flydsl_bmm_mxfp8_mfma_t256x256x128_w4x2_nb2_sk1_nt_xcd,1644.79,1705.21,0.0008
gfx950,8,1728,1024,4096,128x128,flydsl,-1,1,69.916,flydsl_bmm_mxfp8_mfma_t256x256x128_w4x2_nb2_sk1_xcd,1658.63,1701.1,0.0008
gfx950,8,1792,1024,4096,128x128,flydsl,-1,1,70.289,flydsl_bmm_mxfp8_mfma_t256x256x128_w4x2_nb2_sk1_xcd,1710.92,1737.05,0.0008
gfx950,8,1856,1024,4096,128x128,flydsl,-1,1,72.596,flydsl_bmm_mxfp8_mfma_t256x256x128_w4x2_nb2_sk1_nt_xcd,1715.71,1725.4,0.0008
gfx950,8,1920,1024,4096,128x128,flydsl,-1,1,73.332,flydsl_bmm_mxfp8_mfma_t256x256x128_w4x2_nb2_sk1_xcd,1757.07,1751.22,0.0008
gfx950,8,1984,1024,4096,128x128,flydsl,-1,1,74.36,flydsl_bmm_mxfp8_mfma_t256x256x128_w4x2_nb2_sk1_nt_xcd,1790.52,1769.52,0.0008
gfx950,8,2048,1024,4096,128x128,flydsl,-1,1,74.886,flydsl_bmm_mxfp8_mfma_t256x256x128_w4x2_nb2_sk1_xcd,1835.31,1799.32,0.0008
gfx950,8,4096,1024,4096,128x128,flydsl,-1,1,140.087,flydsl_bmm_mxfp8_mfma_t256x256x128_w4x2_nb2_sk1_xcd,1962.2,1684.18,0.0008
gfx950,8,6144,1024,4096,128x128,flydsl,-1,1,203.823,flydsl_bmm_mxfp8_mfma_t256x256x128_w4x2_nb2_sk1_xcd,2022.92,1653.98,0.0008
gfx950,8,8192,1024,4096,128x128,flydsl,-1,1,269.417,flydsl_bmm_mxfp8_mfma_t256x256x128_w4x2_nb2_sk1_xcd,2040.54,1626.87,0.0008
gfx950,8,10240,1024,4096,128x128,flydsl,-1,1,337.063,flydsl_bmm_mxfp8_mfma_t256x256x128_w4x2_nb2_sk1_xcd,2038.77,1600.57,0.0008
gfx950,8,12288,1024,4096,128x128,flydsl,-1,1,398.675,flydsl_bmm_mxfp8_mfma_t256x256x128_w4x2_nb2_sk1_xcd,2068.44,1607.03,0.0008
gfx950,8,14336,1024,4096,128x128,flydsl,-1,1,464.961,flydsl_bmm_mxfp8_mfma_t256x256x128_w4x2_nb2_sk1_xcd,2069.15,1595.55,0.0008
gfx950,8,16384,1024,4096,128x128,flydsl,-1,1,529.586,flydsl_bmm_mxfp8_mfma_t256x256x128_w4x2_nb2_sk1_xcd,2076.17,1591.92,0.0008
gfx950,8,32768,1024,4096,128x128,flydsl,-1,1,1049.875,flydsl_bmm_mxfp8_mfma_t256x256x128_w4x2_nb2_sk1_xcd,2094.56,1574.05,0.0008
gfx950,16,1,1024,4096,128x128,flydsl,-1,1,12.543,flydsl_bmm_mxfp8_mfma_t16x64x256_w1x4_nb3_sk1_nt_xcd,10.7,5358.46,0.001
gfx950,16,2,1024,4096,128x128,flydsl,-1,1,12.543,flydsl_bmm_mxfp8_mfma_t16x64x256_w1x4_nb3_sk1_nt_xcd_sps,21.4,5366.3,0.0008
gfx950,16,4,1024,4096,128x128,flydsl,-1,1,12.702,flydsl_bmm_mxfp8_mfma_t16x64x256_w1x4_nb4_sk1_nt_xcd_sps,42.27,5314.71,0.0008
gfx950,16,8,1024,4096,128x128,flydsl,-1,1,12.81,flydsl_bmm_mxfp8_mfma_t16x64x256_w1x4_nb4_sk1_nt_xcd,83.82,5300.97,0.0008
gfx950,16,16,1024,4096,128x128,flydsl,-1,1,13.996,flydsl_bmm_mxfp8_mfma_t16x64x256_w1x4_nb4_sk1_nt_xcd,153.44,4908.16,0.0009
gfx950,16,32,1024,4096,128x128,flydsl,-1,1,14.818,flydsl_bmm_mxfp8_mfma_t32x64x256_w1x4_nb4_sk1_nt_xcd,289.84,4742.47,0.0009
gfx950,16,48,1024,4096,128x128,flydsl,-1,1,15.059,flydsl_bmm_mxfp8_mfma_t48x64x256_w1x4_nb4_sk1_nt_xcd,427.8,4771.48,0.0008
gfx950,16,64,1024,4096,128x128,flydsl,-1,1,16.241,flydsl_bmm_mxfp8_mfma_t64x64x256_w4x1_nb3_sk1_xcd,528.91,4521.74,0.0008
gfx950,16,80,1024,4096,128x128,flydsl,-1,1,17.897,flydsl_bmm_mxfp8_mfma_t128x64x256_w4x1_nb3_sk1_nt_xcd,599.95,4191.64,0.0008
gfx950,16,96,1024,4096,128x128,flydsl,-1,1,18.424,flydsl_bmm_mxfp8_mfma_t128x64x256_w4x1_nb3_sk1_nt_xcd,699.35,4157.58,0.0008
gfx950,16,112,1024,4096,128x128,flydsl,-1,1,19.313,flydsl_bmm_mxfp8_mfma_t128x64x256_w4x1_nb3_sk1_nt_xcd,778.36,4048.09,0.0009
gfx950,16,128,1024,4096,128x128,flydsl,-1,1,19.858,flydsl_bmm_mxfp8_mfma_t128x64x256_w4x1_nb3_sk1_nt_xcd,865.14,4016.62,0.0008
gfx950,16,144,1024,4096,128x128,flydsl,-1,1,23.944,flydsl_bmm_mxfp8_mfma_t96x128x128_w2x2_nb3_sk1_xcd,807.18,3397.15,0.0008
gfx950,16,160,1024,4096,128x128,flydsl,-1,1,23.848,flydsl_bmm_mxfp8_mfma_t96x128x128_w2x2_nb4_sk1_xcd,900.49,3477.19,0.0008
gfx950,16,176,1024,4096,128x128,flydsl,-1,1,24.101,flydsl_bmm_mxfp8_mfma_t96x128x128_w2x2_nb4_sk1_nt_xcd,980.13,3506.24,0.0008
gfx950,16,192,1024,4096,128x128,flydsl,-1,1,24.403,flydsl_bmm_mxfp8_mfma_t96x128x128_w2x2_nb4_sk1_nt_xcd,1056.0,3527.64,0.0008
gfx950,16,208,1024,4096,128x128,flydsl,-1,1,26.855,flydsl_bmm_mxfp8_mfma_t128x128x128_w4x2_nb3_sk1_xcd,1039.57,3264.5,0.0008
gfx950,16,224,1024,4096,128x128,flydsl,-1,1,27.494,flydsl_bmm_mxfp8_mfma_t128x128x128_w4x2_nb4_sk1_xcd,1093.51,3246.11,0.0009
gfx950,16,240,1024,4096,128x128,flydsl,-1,1,27.257,flydsl_bmm_mxfp8_mfma_t128x128x128_w4x2_nb4_sk1_nt_xcd,1181.79,3332.29,0.0008
gfx950,16,256,1024,4096,128x128,flydsl,-1,1,27.681,flydsl_bmm_mxfp8_mfma_t128x128x128_w4x2_nb4_sk1_nt_xcd,1241.27,3338.36,0.0008
gfx950,16,288,1024,4096,128x128,flydsl,-1,1,37.727,flydsl_bmm_mxfp8_mfma_t96x128x128_w2x2_nb2_sk1_xcd,1024.58,2533.23,0.0008
gfx950,16,320,1024,4096,128x128,flydsl,-1,1,39.844,flydsl_bmm_mxfp8_mfma_t96x128x128_w2x1_nb2_sk1_xcd,1077.95,2478.04,0.0009
gfx950,16,352,1024,4096,128x128,flydsl,-1,1,40.345,flydsl_bmm_mxfp8_mfma_t96x128x128_w2x1_nb2_sk1_xcd,1171.01,2525.6,0.0009
gfx950,16,384,1024,4096,128x128,flydsl,-1,1,41.851,flydsl_bmm_mxfp8_mfma_t96x128x128_w1x2_nb2_sk1_xcd,1231.51,2510.3,0.0008
gfx950,16,416,1024,4096,128x128,flydsl,-1,1,45.648,flydsl_bmm_mxfp8_mfma_t128x128x128_w2x2_nb2_sk1_xcd,1223.15,2370.75,0.0008
gfx950,16,448,1024,4096,128x128,flydsl,-1,1,42.133,flydsl_bmm_mxfp8_mfma_t128x256x128_w1x4_nb3_sk1_bd2_nt_xcd,1427.13,2643.58,0.0008
gfx950,16,480,1024,4096,128x128,flydsl,-1,1,44.226,flydsl_bmm_mxfp8_mfma_t128x256x128_w1x4_nb4_sk1_bd2_nt_xcd,1456.71,2589.98,0.0009
gfx950,16,512,1024,4096,128x128,flydsl,-1,1,43.772,flydsl_bmm_mxfp8_mfma_t128x256x128_w1x4_nb4_sk1_bd2_xcd,1569.93,2689.07,0.0008
gfx950,16,544,1024,4096,128x128,flydsl,-1,1,53.583,flydsl_bmm_mxfp8_mfma_t192x256x128_w1x4_nb4_sk1_bd2_xcd,1362.65,2255.75,0.0008
gfx950,16,576,1024,4096,128x128,flydsl,-1,1,54.299,flydsl_bmm_mxfp8_mfma_t192x256x128_w1x4_nb3_sk1_bd2_xcd,1423.78,2284.24,0.0008
gfx950,16,608,1024,4096,128x128,flydsl,-1,1,57.553,flydsl_bmm_mxfp8_mfma_t192x256x128_w1x4_nb3_sk1_bd2_xcd,1417.9,2210.02,0.0008
gfx950,16,640,1024,4096,128x128,flydsl,-1,1,57.52,flydsl_bmm_mxfp8_mfma_t192x256x128_w1x4_nb4_sk1_bd2_xcd,1493.38,2266.25,0.0008
gfx950,16,672,1024,4096,128x128,flydsl,-1,1,56.759,flydsl_bmm_mxfp8_mfma_t192x256x128_w1x4_nb4_sk1_bd2_nt_xcd,1589.09,2352.37,0.0008
gfx950,16,704,1024,4096,128x128,flydsl,-1,1,58.616,flydsl_bmm_mxfp8_mfma_t192x256x128_w1x4_nb4_sk1_bd3_nt_xcd,1612.01,2331.78,0.0008
gfx950,16,736,1024,4096,128x128,flydsl,-1,1,59.513,flydsl_bmm_mxfp8_mfma_t192x256x128_w1x4_nb4_sk1_bd3_nt_xcd,1659.88,2349.76,0.0008
gfx950,16,768,1024,4096,128x128,flydsl,-1,1,60.052,flydsl_bmm_mxfp8_mfma_t192x256x128_w1x4_nb4_sk1_bd2_nt_xcd,1716.49,2381.32,0.0008
gfx950,16,800,1024,4096,128x128,flydsl,-1,1,73.57,flydsl_bmm_mxfp8_mfma_t128x256x128_w1x4_nb4_sk1_bd3_xcd,1459.49,1986.77,0.0008
gfx950,16,832,1024,4096,128x128,flydsl,-1,1,75.668,flydsl_bmm_mxfp8_mfma_t128x256x128_w1x4_nb4_sk1_bd2_xcd,1475.77,1973.45,0.0008
gfx950,16,864,1024,4096,128x128,flydsl,-1,1,72.119,flydsl_bmm_mxfp8_mfma_t224x256x128_w1x4_nb2_sk1_bd1_xcd,1607.94,2114.41,0.0009
gfx950,16,896,1024,4096,128x128,flydsl,-1,1,70.478,flydsl_bmm_mxfp8_mfma_t224x256x128_w1x4_nb2_sk1_bd1_xcd,1706.33,2208.51,0.0008
gfx950,16,928,1024,4096,128x128,flydsl,-1,1,76.808,flydsl_bmm_mxfp8_mfma_t256x256x128_w1x4_nb2_sk1_bd1_nt_xcd,1621.63,2067.68,0.0008
gfx950,16,960,1024,4096,128x128,flydsl,-1,1,74.2,flydsl_bmm_mxfp8_mfma_t256x256x128_w4x2_nb2_sk1_xcd,1736.5,2182.96,0.0008
gfx950,16,992,1024,4096,128x128,flydsl,-1,1,73.404,flydsl_bmm_mxfp8_mfma_t256x256x128_w4x2_nb2_sk1_nt_xcd,1813.84,2249.71,0.0008
gfx950,16,1024,1024,4096,128x128,flydsl,-1,1,75.851,flydsl_bmm_mxfp8_mfma_t256x256x128_w2x4_nb2_sk1_xcd,1811.96,2218.83,0.0008
gfx950,16,1088,1024,4096,128x128,flydsl,-1,1,99.587,flydsl_bmm_mxfp8_mfma_t128x128x128_w1x4_nb3_sk1_bd2_xcd,1466.35,1753.5,0.0008
gfx950,16,1152,1024,4096,128x128,flydsl,-1,1,101.855,flydsl_bmm_mxfp8_mfma_t128x128x128_w1x4_nb4_sk1_bd2_xcd,1518.04,1776.54,0.0008
gfx950,16,1216,1024,4096,128x128,flydsl,-1,1,103.53,flydsl_bmm_mxfp8_mfma_t128x128x128_w1x4_nb4_sk1_bd3_xcd,1576.44,1808.88,0.0008
gfx950,16,1280,1024,4096,128x128,flydsl,-1,1,106.125,flydsl_bmm_mxfp8_mfma_t128x128x128_w1x4_nb3_sk1_bd2_xcd,1618.83,1824.23,0.0008
gfx950,16,1344,1024,4096,128x128,flydsl,-1,1,104.362,flydsl_bmm_mxfp8_mfma_t192x256x128_w1x4_nb3_sk1_bd2_xcd,1728.49,1915.65,0.0008
gfx950,16,1408,1024,4096,128x128,flydsl,-1,1,109.475,flydsl_bmm_mxfp8_mfma_t192x256x128_w1x4_nb3_sk1_bd2_nt_xcd,1726.23,1883.96,0.0008
gfx950,16,1472,1024,4096,128x128,flydsl,-1,1,110.3,flydsl_bmm_mxfp8_mfma_t192x256x128_w1x4_nb4_sk1_bd2_nt_xcd,1791.19,1927.2,0.0008
gfx950,16,1536,1024,4096,128x128,flydsl,-1,1,111.437,flydsl_bmm_mxfp8_mfma_t192x256x128_w1x4_nb3_sk1_bd2_nt_xcd,1850.0,1964.29,0.0008
gfx950,16,1600,1024,4096,128x128,flydsl,-1,1,128.098,flydsl_bmm_mxfp8_mfma_t256x256x128_w4x2_nb2_sk1_xcd,1676.44,1758.18,0.0008
gfx950,16,1664,1024,4096,128x128,flydsl,-1,1,128.884,flydsl_bmm_mxfp8_mfma_t256x256x128_w4x2_nb2_sk1_xcd,1732.86,1796.52,0.0008
gfx950,16,1728,1024,4096,128x128,flydsl,-1,1,131.932,flydsl_bmm_mxfp8_mfma_t256x256x128_w4x2_nb2_sk1_xcd,1757.94,1802.95,0.0008
gfx950,16,1792,1024,4096,128x128,flydsl,-1,1,133.403,flydsl_bmm_mxfp8_mfma_t256x256x128_w4x2_nb2_sk1_xcd,1802.94,1830.48,0.0008
gfx950,16,1856,1024,4096,128x128,flydsl,-1,1,137.864,flydsl_bmm_mxfp8_mfma_t256x256x128_w4x2_nb2_sk1_nt_xcd,1806.91,1817.12,0.0008
gfx950,16,1920,1024,4096,128x128,flydsl,-1,1,136.779,flydsl_bmm_mxfp8_mfma_t256x256x128_w4x2_nb2_sk1_xcd,1884.04,1877.77,0.0008
gfx950,16,1984,1024,4096,128x128,flydsl,-1,1,139.771,flydsl_bmm_mxfp8_mfma_t256x256x128_w4x2_nb2_sk1_xcd,1905.17,1882.82,0.0008
gfx950,16,2048,1024,4096,128x128,flydsl,-1,1,143.827,flydsl_bmm_mxfp8_mfma_t256x256x128_w4x2_nb2_sk1_nt_xcd,1911.17,1873.7,0.0008
gfx950,16,4096,1024,4096,128x128,flydsl,-1,1,278.664,flydsl_bmm_mxfp8_mfma_t256x256x128_w4x2_nb2_sk1_xcd,1972.82,1693.3,0.0008
gfx950,16,6144,1024,4096,128x128,flydsl,-1,1,410.41,flydsl_bmm_mxfp8_mfma_t256x256x128_w4x2_nb2_sk1_xcd,2009.29,1642.84,0.0008
gfx950,16,8192,1024,4096,128x128,flydsl,-1,1,536.684,flydsl_bmm_mxfp8_mfma_t256x256x128_w4x2_nb2_sk1_xcd,2048.71,1633.39,0.0008
gfx950,16,10240,1024,4096,128x128,flydsl,-1,1,668.305,flydsl_bmm_mxfp8_mfma_t256x256x128_w4x2_nb2_sk1_xcd,2056.53,1614.52,0.0008
gfx950,16,12288,1024,4096,128x128,flydsl,-1,1,801.099,flydsl_bmm_mxfp8_mfma_t256x256x128_w4x2_nb2_sk1_xcd,2058.76,1599.51,0.0008
gfx950,16,14336,1024,4096,128x128,flydsl,-1,1,931.148,flydsl_bmm_mxfp8_mfma_t256x256x128_w4x2_nb2_sk1_xcd,2066.42,1593.45,0.0008
gfx950,16,16384,1024,4096,128x128,flydsl,-1,1,1067.565,flydsl_bmm_mxfp8_mfma_t256x256x128_w4x2_nb2_sk1_xcd,2059.85,1579.4,0.0008
gfx950,16,32768,1024,4096,128x128,flydsl,-1,1,2123.003,flydsl_bmm_mxfp8_mfma_t256x256x128_w4x2_nb2_sk1_xcd,2071.62,1556.81,0.0008
