gfx,cu_num,token,model_dim,inter_dim,expert,topk,act_type,dtype,q_dtype_a,q_dtype_w,q_type,use_g1u1,doweight_stage1,block_m,ksplit,us1,kernelName1,err1,us2,kernelName2,err2,us,run_1stage,xbf16,flat,tflops,bw
gfx950,256,1,5120,2304,32,2,ActivationType.Silu,torch.bfloat16,torch.float4_e2m1fn_x2,torch.float4_e2m1fn_x2,QuantType.per_1x32,1,0,32,0,10.2203,flydsl_moe1_afp4_wfp4_bf16_t32x32x256_w3_bnt0_kw4_fp4,0.9%,10.1234,flydsl_moe2_layout_afp4_wfp4_bf16_t32x128x256_atomic_persist_sbm32,1.2%,20.3437,0,0,0,6.96,55667.23
gfx950,256,2,5120,2304,32,2,ActivationType.Silu,torch.bfloat16,torch.float4_e2m1fn_x2,torch.float4_e2m1fn_x2,QuantType.per_1x32,1,0,32,0,14.4205,flydsl_moe1_afp4_wfp4_bf16_t32x32x256_w3_bnt0_kw4_fp4,0.9%,11.1471,flydsl_moe2_layout_afp4_wfp4_bf16_t32x128x256_reduce_sbm32,1.1%,25.5676,0,0,0,11.07,44294.06
gfx950,256,4,5120,2304,32,2,ActivationType.Silu,torch.bfloat16,torch.float4_e2m1fn_x2,torch.float4_e2m1fn_x2,QuantType.per_1x32,1,0,32,0,22.3225,flydsl_moe1_afp4_wfp4_bf16_t32x32x256_w4_kw2_fp4,0.9%,14.5011,flydsl_moe2_layout_afp4_wfp4_bf16_t32x256x256_reduce_sbm32,1.2%,36.8236,0,0,0,15.38,30755.37
gfx950,256,8,5120,2304,32,2,ActivationType.Silu,torch.bfloat16,torch.float4_e2m1fn_x2,torch.float4_e2m1fn_x2,QuantType.per_1x32,1,0,32,0,27.8407,flydsl_moe1_afp4_wfp4_bf16_t32x64x256_w2_fp4,0.2%,19.5566,flydsl_moe2_afp4_wfp4_bf16_t32x128x256_reduce,1.6%,47.3973,0,0,0,23.89,23895.56
gfx950,256,16,5120,2304,32,2,ActivationType.Silu,torch.bfloat16,torch.float4_e2m1fn_x2,torch.float4_e2m1fn_x2,QuantType.per_1x32,1,0,32,0,41.0044,flydsl_moe1_afp4_wfp4_bf16_t32x64x256_w3_fp4,0.2%,26.1532,flydsl_moe2_afp4_wfp4_bf16_t32x128x256_atomic,1.7%,67.1576,0,0,0,33.73,16866.41
gfx950,256,32,5120,2304,32,2,ActivationType.Silu,torch.bfloat16,torch.float4_e2m1fn_x2,torch.float4_e2m1fn_x2,QuantType.per_1x32,1,0,32,0,52.4355,flydsl_moe1_afp4_wfp4_bf16_t32x128x256_w4_fp4,0.1%,36.0423,flydsl_moe2_afp4_wfp4_bf16_t32x128x256_reduce,1.6%,88.4778,0,0,0,51.2,12804.95
gfx950,256,64,5120,2304,32,2,ActivationType.Silu,torch.bfloat16,torch.float4_e2m1fn_x2,torch.float4_e2m1fn_x2,QuantType.per_1x32,1,0,32,0,66.7281,flydsl_moe1_afp4_wfp4_bf16_t32x32x256_w3_kw4_fp4,0.9%,37.0897,flydsl_moe2_layout_afp4_wfp4_bf16_t32x128x256_reduce_nt_sbm32,1.2%,103.8178,0,0,0,87.27,10917.64
gfx950,256,128,5120,2304,32,2,ActivationType.Silu,torch.bfloat16,torch.float4_e2m1fn_x2,torch.float4_e2m1fn_x2,QuantType.per_1x32,1,0,32,0,68.0543,flydsl_moe1_afp4_wfp4_bf16_t32x32x256_w4_kw4_fp4,0.9%,38.6316,flydsl_moe2_layout_afp4_wfp4_bf16_t32x128x128_reduce_nt_sbm32,1.1%,106.6859,0,0,0,169.84,10633.35
gfx950,256,256,5120,2304,32,2,ActivationType.Silu,torch.bfloat16,torch.float4_e2m1fn_x2,torch.float4_e2m1fn_x2,QuantType.per_1x32,1,0,32,0,70.1408,flydsl_moe1_afp4_wfp4_bf16_t32x32x256_w2_kw4_fp4,0.9%,39.5855,flydsl_moe2_layout_afp4_wfp4_bf16_t32x128x256_atomic_nt_sbm32,1.1%,109.7263,0,0,0,330.27,10356.63
gfx950,256,512,5120,2304,32,2,ActivationType.Silu,torch.bfloat16,torch.float4_e2m1fn_x2,torch.float4_e2m1fn_x2,QuantType.per_1x32,1,0,32,0,73.1397,flydsl_moe1_afp4_wfp4_bf16_t32x128x256_w4_fp4,0.9%,41.2813,flydsl_moe2_layout_afp4_wfp4_bf16_t32x128x256_reduce_nt_sbm32,1.2%,114.421,0,0,0,633.43,9966.06
gfx950,256,1024,5120,2304,32,2,ActivationType.Silu,torch.bfloat16,torch.float4_e2m1fn_x2,torch.float4_e2m1fn_x2,QuantType.per_1x32,1,0,64,0,77.74,flydsl_moe1_afp4_wfp4_bf16_t64x128x256_w3_fp4,0.9%,46.7374,flydsl_moe2_layout_afp4_wfp4_bf16_t64x256x256_reduce_nt_sbm64,1.1%,124.4774,0,0,0,1164.51,9224.09
gfx950,256,2048,5120,2304,32,2,ActivationType.Silu,torch.bfloat16,torch.float4_e2m1fn_x2,torch.float4_e2m1fn_x2,QuantType.per_1x32,1,0,128,0,98.8523,flydsl_moe1_afp4_wfp4_bf16_t128x128x256_fp4,0.9%,67.2488,flydsl_moe2_layout_afp4_wfp4_bf16_t128x256x256_reduce_nt_sbm128,1.2%,166.1011,0,0,0,1745.38,7007.29
gfx950,256,4096,5120,2304,32,2,ActivationType.Silu,torch.bfloat16,torch.float4_e2m1fn_x2,torch.float4_e2m1fn_x2,QuantType.per_1x32,1,0,128,0,164.9532,flydsl_moe1_afp4_wfp4_bf16_t128x128x256_bnt0_fp4,0.9%,113.1534,flydsl_moe2_layout_afp4_wfp4_bf16_t128x256x256_reduce_sbm128,1.2%,278.1066,0,0,0,2084.89,4298.27
gfx950,256,8192,5120,2304,32,2,ActivationType.Silu,torch.bfloat16,torch.float4_e2m1fn_x2,torch.float4_e2m1fn_x2,QuantType.per_1x32,1,0,64,0,285.6956,flydsl_moe1_afp4_wfp4_bf16_t64x128x256_w2_bnt0_xcd4_fp4,0.9%,201.2479,flydsl_moe2_layout_afp4_wfp4_bf16_t64x256x256_atomic_persist_sbm64,1.2%,486.9435,0,0,0,2381.47,2584.06
gfx950,256,16384,5120,2304,32,2,ActivationType.Silu,torch.bfloat16,torch.float4_e2m1fn_x2,torch.float4_e2m1fn_x2,QuantType.per_1x32,1,0,64,0,490.8683,flydsl_moe1_afp4_wfp4_bf16_t64x128x256_w4_bnt0_xcd4_fp4,0.9%,386.1223,flydsl_moe2_layout_afp4_wfp4_bf16_t64x256x128_atomic_sbm64,1.2%,876.9906,0,0,0,2644.59,1578.26
gfx950,256,32768,5120,2304,32,2,ActivationType.Silu,torch.bfloat16,torch.float4_e2m1fn_x2,torch.float4_e2m1fn_x2,QuantType.per_1x32,1,0,64,0,919.5599,flydsl_moe1_afp4_wfp4_bf16_t64x128x256_w3_bnt0_xcd4_fp4,0.9%,756.9637,flydsl_moe2_layout_afp4_wfp4_bf16_t64x256x128_atomic_sbm64,1.2%,1676.5236,0,0,0,2766.78,975.7
gfx950,256,1,5120,2304,32,3,ActivationType.Silu,torch.bfloat16,torch.float4_e2m1fn_x2,torch.float4_e2m1fn_x2,QuantType.per_1x32,1,0,32,0,11.1587,flydsl_moe1_afp4_wfp4_bf16_t32x32x256_w4_bnt0_kw4_fp4,0.9%,9.8588,flydsl_moe2_layout_afp4_wfp4_bf16_t32x128x256_atomic_nt_sbm32,1.1%,21.0175,0,0,0,10.1,53882.59
gfx950,256,2,5120,2304,32,3,ActivationType.Silu,torch.bfloat16,torch.float4_e2m1fn_x2,torch.float4_e2m1fn_x2,QuantType.per_1x32,1,0,32,0,16.3,flydsl_moe1_afp4_wfp4_bf16_t32x64x256_w3_bnt0_kw4_fp4,0.9%,12.3781,flydsl_moe2_layout_afp4_wfp4_bf16_t32x128x256_reduce_sbm32,1.2%,28.6781,0,0,0,14.81,39489.81
gfx950,256,4,5120,2304,32,3,ActivationType.Silu,torch.bfloat16,torch.float4_e2m1fn_x2,torch.float4_e2m1fn_x2,QuantType.per_1x32,1,0,32,0,27.9627,flydsl_moe1_afp4_wfp4_bf16_t32x128x256_w4_xcd4_fp4,0.2%,18.3196,flydsl_moe2_afp4_wfp4_bf16_t32x128x256_reduce_bnt2,2.1%,46.2823,0,0,0,18.35,24469.91
gfx950,256,8,5120,2304,32,3,ActivationType.Silu,torch.bfloat16,torch.float4_e2m1fn_x2,torch.float4_e2m1fn_x2,QuantType.per_1x32,1,0,32,0,41.4983,flydsl_moe1_afp4_wfp4_bf16_t32x64x256_w4_kw2_fp4,0.2%,26.8826,flydsl_moe2_afp4_wfp4_bf16_t32x128x256_atomic,2.7%,68.3809,0,0,0,24.84,16562.88
gfx950,256,16,5120,2304,32,3,ActivationType.Silu,torch.bfloat16,torch.float4_e2m1fn_x2,torch.float4_e2m1fn_x2,QuantType.per_1x32,1,0,32,0,48.7211,flydsl_moe1_afp4_wfp4_bf16_t32x128x256_w3_fp4,0.2%,32.0257,flydsl_moe2_afp4_wfp4_bf16_t32x256x256_atomic,2.7%,80.7468,0,0,0,42.07,14027.9
gfx950,256,32,5120,2304,32,3,ActivationType.Silu,torch.bfloat16,torch.float4_e2m1fn_x2,torch.float4_e2m1fn_x2,QuantType.per_1x32,1,0,32,0,66.1816,flydsl_moe1_afp4_wfp4_bf16_t32x32x256_w4_kw4_fp4,0.9%,37.0493,flydsl_moe2_layout_afp4_wfp4_bf16_t32x128x256_atomic_nt_sbm32,1.2%,103.2309,0,0,0,65.82,10974.95
gfx950,256,64,5120,2304,32,3,ActivationType.Silu,torch.bfloat16,torch.float4_e2m1fn_x2,torch.float4_e2m1fn_x2,QuantType.per_1x32,1,0,32,0,65.8029,flydsl_moe1_afp4_wfp4_bf16_t32x32x256_w4_kw4_fp4,0.1%,40.9112,flydsl_moe2_afp4_wfp4_bf16_t32x128x256_atomic_bnt2,2.6%,106.7141,0,0,0,127.35,10621.32
gfx950,256,128,5120,2304,32,3,ActivationType.Silu,torch.bfloat16,torch.float4_e2m1fn_x2,torch.float4_e2m1fn_x2,QuantType.per_1x32,1,0,32,0,69.4386,flydsl_moe1_afp4_wfp4_bf16_t32x32x256_w3_kw4_fp4,0.9%,37.7086,flydsl_moe2_layout_afp4_wfp4_bf16_t32x128x256_reduce_nt_sbm32,1.2%,107.1472,0,0,0,253.66,10587.57
gfx950,256,256,5120,2304,32,3,ActivationType.Silu,torch.bfloat16,torch.float4_e2m1fn_x2,torch.float4_e2m1fn_x2,QuantType.per_1x32,1,0,32,0,72.7763,flydsl_moe1_afp4_wfp4_bf16_t32x32x256_w3_kw4_fp4,0.9%,40.3314,flydsl_moe2_layout_afp4_wfp4_bf16_t32x128x256_atomic_nt_sbm32,1.2%,113.1077,0,0,0,480.59,10047.01
gfx950,256,512,5120,2304,32,3,ActivationType.Silu,torch.bfloat16,torch.float4_e2m1fn_x2,torch.float4_e2m1fn_x2,QuantType.per_1x32,1,0,64,0,79.16,flydsl_moe1_afp4_wfp4_bf16_t64x128x256_w2_fp4,0.1%,49.4427,flydsl_moe2_afp4_wfp4_bf16_t64x128x256_atomic,2.6%,128.6027,0,0,0,845.37,8867.05
gfx950,256,1024,5120,2304,32,3,ActivationType.Silu,torch.bfloat16,torch.float4_e2m1fn_x2,torch.float4_e2m1fn_x2,QuantType.per_1x32,1,0,128,0,96.1189,flydsl_moe1_afp4_wfp4_bf16_t128x128x256_fp4,0.1%,63.2336,flydsl_moe2_afp4_wfp4_bf16_t64x128x256_atomic_bnt2_sbm128,2.6%,159.3525,0,0,0,1364.48,7205.35
gfx950,256,2048,5120,2304,32,3,ActivationType.Silu,torch.bfloat16,torch.float4_e2m1fn_x2,torch.float4_e2m1fn_x2,QuantType.per_1x32,1,0,128,0,157.1516,flydsl_moe1_afp4_wfp4_bf16_t128x128x256_w2_xcd4,0.0%,95.3616,flydsl_moe2_afp4_wfp4_bf16_t64x128x256_atomic_bnt2_sbm128,2.6%,252.5132,0,0,0,1722.15,4609.34
gfx950,256,4096,5120,2304,32,3,ActivationType.Silu,torch.bfloat16,torch.float4_e2m1fn_x2,torch.float4_e2m1fn_x2,QuantType.per_1x32,1,0,64,0,247.8184,flydsl_moe1_afp4_wfp4_bf16_t64x128x256_w2_bnt0_xcd4_fp4,0.1%,159.01,flydsl_moe2_afp4_wfp4_bf16_t64x128x256_atomic_bnt2,2.6%,406.8284,0,0,0,2137.83,2938.28
gfx950,256,8192,5120,2304,32,3,ActivationType.Silu,torch.bfloat16,torch.float4_e2m1fn_x2,torch.float4_e2m1fn_x2,QuantType.per_1x32,1,0,64,0,386.7705,flydsl_moe1_afp4_wfp4_bf16_t64x128x256_w2_bnt0_xcd4_fp4,0.9%,282.22,flydsl_moe2_layout_afp4_wfp4_bf16_t64x256x256_atomic_persist_sbm64,1.2%,668.9905,0,0,0,2600.13,1880.88
gfx950,256,16384,5120,2304,32,3,ActivationType.Silu,torch.bfloat16,torch.float4_e2m1fn_x2,torch.float4_e2m1fn_x2,QuantType.per_1x32,1,0,64,0,715.8345,flydsl_moe1_afp4_wfp4_bf16_t64x128x256_w4_bnt0_xcd4_fp4,0.1%,574.9296,flydsl_moe2_afp4_wfp4_bf16_t64x128x256_atomic_bnt2,2.6%,1290.7641,0,0,0,2695.24,1072.33
gfx950,256,32768,5120,2304,32,3,ActivationType.Silu,torch.bfloat16,torch.float4_e2m1fn_x2,torch.float4_e2m1fn_x2,QuantType.per_1x32,1,0,64,0,1318.8618,flydsl_moe1_afp4_wfp4_bf16_t64x128x256_w3_bnt0_xcd4_fp4,0.1%,1119.4776,flydsl_moe2_afp4_wfp4_bf16_t64x128x256_atomic_bnt2,2.6%,2438.3394,0,0,0,2853.52,670.86
gfx950,256,1,5120,640,384,6,ActivationType.Silu,torch.bfloat16,torch.float4_e2m1fn_x2,torch.float4_e2m1fn_x2,QuantType.per_1x32,1,0,16,0,18.2894,flydsl_mxmoe_g1_a4w4_16x128x256_f16in_hpf_nt,1.2%,0,flydsl_moe2_layout_afp4_wfp4_bf16_t16x128x128_atomic_sbm16,1.2%,18.2894,0,0,0,6.45,206397.64
gfx950,256,2,5120,640,384,6,ActivationType.Silu,torch.bfloat16,torch.float4_e2m1fn_x2,torch.float4_e2m1fn_x2,QuantType.per_1x32,1,0,16,0,19.8613,flydsl_mxmoe_g1_a4w4_16x128x256_f16in_hpf_nt_xcd4,1.1%,0,flydsl_moe2_layout_afp4_wfp4_bf16_t16x128x128_atomic_sbm16,1.1%,19.8613,0,0,0,11.88,190063.31
gfx950,256,4,5120,640,384,6,ActivationType.Silu,torch.bfloat16,torch.float4_e2m1fn_x2,torch.float4_e2m1fn_x2,QuantType.per_1x32,1,0,16,0,26.5561,flydsl_mxmoe_g1_a4w4_16x128x256_f16in_hpf_nt,1.1%,0,flydsl_moe2_layout_afp4_wfp4_bf16_t16x128x128_atomic_nt_sbm16,1.1%,26.5561,0,0,0,17.77,142149.45
gfx950,256,8,5120,640,384,6,ActivationType.Silu,torch.bfloat16,torch.float4_e2m1fn_x2,torch.float4_e2m1fn_x2,QuantType.per_1x32,1,0,16,0,42.029,flydsl_mxmoe_g1_a4w4_16x128x256_f16in_nt,1.1%,0,flydsl_moe2_layout_afp4_wfp4_bf16_t16x128x128_atomic_nt_sbm16,1.1%,42.029,0,0,0,22.45,89818.85
gfx950,256,16,5120,640,384,6,ActivationType.Silu,torch.bfloat16,torch.float4_e2m1fn_x2,torch.float4_e2m1fn_x2,QuantType.per_1x32,1,0,16,0,71.6339,flydsl_mxmoe_g1_a4w4_16x256x256_f16in_hpf_nt,1.2%,0,flydsl_moe2_layout_afp4_wfp4_bf16_t16x128x128_atomic_sbm16,1.2%,71.6339,0,0,0,26.35,52700.18
gfx950,256,32,5120,640,384,6,ActivationType.Silu,torch.bfloat16,torch.float4_e2m1fn_x2,torch.float4_e2m1fn_x2,QuantType.per_1x32,1,0,16,0,125.319,flydsl_mxmoe_g1_a4w4_16x128x256_f16in_nt_xcd2,1.2%,0,flydsl_moe2_layout_afp4_wfp4_bf16_t16x128x128_atomic_nt_sbm16,1.2%,125.319,0,0,0,30.12,30126.04
gfx950,256,64,5120,640,384,6,ActivationType.Silu,torch.bfloat16,torch.float4_e2m1fn_x2,torch.float4_e2m1fn_x2,QuantType.per_1x32,1,0,16,0,203.8522,flydsl_mxmoe_g1_a4w4_16x128x256_f16in_nt,1.2%,0,flydsl_moe2_layout_afp4_wfp4_bf16_t16x128x128_atomic_nt_sbm16,1.2%,203.8522,0,0,0,37.04,18522.52
gfx950,256,128,5120,640,384,6,ActivationType.Silu,torch.bfloat16,torch.float4_e2m1fn_x2,torch.float4_e2m1fn_x2,QuantType.per_1x32,1,0,16,0,280.7103,flydsl_mxmoe_g1_a4w4_16x128x256_f16in_hpf_nt_xcd2,1.2%,0,flydsl_moe2_layout_afp4_wfp4_bf16_t16x256x128_atomic_nt_sbm16,1.2%,280.7103,0,0,0,53.79,13454.58
gfx950,256,256,5120,640,384,6,ActivationType.Silu,torch.bfloat16,torch.float4_e2m1fn_x2,torch.float4_e2m1fn_x2,QuantType.per_1x32,1,0,16,0,302.6034,flydsl_mxmoe_g1_a4w4_16x128x256_f16in_hpf_nt_xcd2,1.2%,0,flydsl_moe2_layout_afp4_wfp4_bf16_t16x128x128_reduce_nt_sbm16,1.2%,302.6034,0,0,0,99.8,12487.65
gfx950,256,512,5120,640,384,6,ActivationType.Silu,torch.bfloat16,torch.float4_e2m1fn_x2,torch.float4_e2m1fn_x2,QuantType.per_1x32,1,0,16,0,322.3888,flydsl_mxmoe_g1_a4w4_16x128x256_f16in_hpf_nt_xcd2,1.2%,0,flydsl_moe2_layout_afp4_wfp4_bf16_t16x256x128_atomic_persist_nt_sbm16,1.2%,322.3888,0,0,0,187.35,11733.47
gfx950,256,1024,5120,640,384,6,ActivationType.Silu,torch.bfloat16,torch.float4_e2m1fn_x2,torch.float4_e2m1fn_x2,QuantType.per_1x32,1,0,32,0,337.0362,flydsl_mxmoe_g1_a4w4_32x128x256_nt_kw2_xcd2,1.2%,0,flydsl_moe2_layout_afp4_wfp4_bf16_t32x256x128_atomic_persist_nt_sbm32,1.2%,337.0362,0,0,0,358.41,11246.87
gfx950,256,2048,5120,640,384,6,ActivationType.Silu,torch.bfloat16,torch.float4_e2m1fn_x2,torch.float4_e2m1fn_x2,QuantType.per_1x32,1,0,64,0,377.2891,flydsl_mxmoe_g1_a4w4_64x256x256_nt_xcd2,1.2%,0,flydsl_moe2_layout_afp4_wfp4_bf16_t64x256x128_atomic_persist_nt_sbm64,1.2%,377.2891,0,0,0,640.34,10088.63
gfx950,256,4096,5120,640,384,6,ActivationType.Silu,torch.bfloat16,torch.float4_e2m1fn_x2,torch.float4_e2m1fn_x2,QuantType.per_1x32,1,0,64,0,522.9601,flydsl_mxmoe_g1_a4w4_64x256x256_xcd4,1.2%,0,flydsl_moe2_layout_afp4_wfp4_bf16_t64x128x128_atomic_sbm64,1.2%,522.9601,0,0,0,923.94,7338.59
gfx950,256,8192,5120,640,384,6,ActivationType.Silu,torch.bfloat16,torch.float4_e2m1fn_x2,torch.float4_e2m1fn_x2,QuantType.per_1x32,1,0,64,0,777.1513,flydsl_mxmoe_g1_a4w4_64x256x256_xcd2,1.2%,0,flydsl_moe2_layout_afp4_wfp4_bf16_t64x256x128_reduce_sbm64,1.2%,777.1513,0,0,0,1243.47,5019.23
gfx950,256,16384,5120,640,384,6,ActivationType.Silu,torch.bfloat16,torch.float4_e2m1fn_x2,torch.float4_e2m1fn_x2,QuantType.per_1x32,1,0,64,0,1266.537,flydsl_mxmoe_g1_a4w4_64x256x256_xcd2,1.2%,0,flydsl_moe2_layout_afp4_wfp4_bf16_t64x256x128_reduce_sbm64,1.2%,1266.537,0,0,0,1526.0,3179.17
gfx950,256,32768,5120,640,384,6,ActivationType.Silu,torch.bfloat16,torch.float4_e2m1fn_x2,torch.float4_e2m1fn_x2,QuantType.per_1x32,1,0,128,0,2336.8151,flydsl_mxmoe_g1_a4w4_128x256x256_xcd4,1.2%,0,flydsl_moe2_layout_afp4_wfp4_bf16_t128x128x128_reduce_sbm128,1.2%,2336.8151,0,0,0,1654.16,1830.78
gfx950,256,1,5120,640,128,3,ActivationType.Silu,torch.bfloat16,torch.float4_e2m1fn_x2,torch.float4_e2m1fn_x2,QuantType.per_1x32,1,0,32,0,9.4735,flydsl_moe1_afp4_wfp4_bf16_t32x32x256_w4_kw4_fp4,1.0%,7.0259,flydsl_moe2_layout_afp4_wfp4_bf16_t32x128x128_atomic_nt_sbm32,1.3%,16.4994,0,0,0,3.57,76263.78
gfx950,256,2,5120,640,128,3,ActivationType.Silu,torch.bfloat16,torch.float4_e2m1fn_x2,torch.float4_e2m1fn_x2,QuantType.per_1x32,1,0,32,0,9.9936,flydsl_moe1_afp4_wfp4_bf16_t32x32x256_w3_bnt0_kw4_fp4,1.0%,7.9353,flydsl_moe2_layout_afp4_wfp4_bf16_t32x128x128_atomic_nt_sbm32,1.3%,17.9289,0,0,0,6.58,70184.0
gfx950,256,4,5120,640,128,3,ActivationType.Silu,torch.bfloat16,torch.float4_e2m1fn_x2,torch.float4_e2m1fn_x2,QuantType.per_1x32,1,0,32,0,11.6665,flydsl_moe1_afp4_wfp4_bf16_t32x32x256_w4_bnt0_kw4_fp4,1.0%,8.7818,flydsl_moe2_layout_afp4_wfp4_bf16_t32x256x128_atomic_sbm32,1.2%,20.4483,0,0,0,11.54,61538.25
gfx950,256,8,5120,640,128,3,ActivationType.Silu,torch.bfloat16,torch.float4_e2m1fn_x2,torch.float4_e2m1fn_x2,QuantType.per_1x32,1,0,16,0,25.4594,flydsl_mxmoe_g1_a4w4_16x128x256_f16in_hpf_nt_xcd4,1.2%,0,flydsl_moe2_layout_afp4_wfp4_bf16_t16x128x128_atomic_nt_sbm16,1.2%,25.4594,0,0,0,18.53,49428.27
gfx950,256,16,5120,640,128,3,ActivationType.Silu,torch.bfloat16,torch.float4_e2m1fn_x2,torch.float4_e2m1fn_x2,QuantType.per_1x32,1,0,16,0,41.705,flydsl_mxmoe_g1_a4w4_16x256x256_f16in_hpf_nt_xcd4,1.2%,0,flydsl_moe2_layout_afp4_wfp4_bf16_t16x128x128_atomic_nt_sbm16,1.2%,41.705,0,0,0,22.63,30177.12
gfx950,256,32,5120,640,128,3,ActivationType.Silu,torch.bfloat16,torch.float4_e2m1fn_x2,torch.float4_e2m1fn_x2,QuantType.per_1x32,1,0,16,0,60.5249,flydsl_mxmoe_g1_a4w4_16x128x256_f16in_nt,1.2%,0,flydsl_moe2_layout_afp4_wfp4_bf16_t16x256x128_atomic_sbm16,1.2%,60.5249,0,0,0,31.18,20797.77
gfx950,256,64,5120,640,128,3,ActivationType.Silu,torch.bfloat16,torch.float4_e2m1fn_x2,torch.float4_e2m1fn_x2,QuantType.per_1x32,1,0,16,0,86.5754,flydsl_mxmoe_g1_a4w4_16x128x256_f16in_hpf_nt_xcd2,1.2%,0,flydsl_moe2_layout_afp4_wfp4_bf16_t16x128x128_atomic_sbm16,1.2%,86.5754,0,0,0,43.6,14545.4
gfx950,256,128,5120,640,128,3,ActivationType.Silu,torch.bfloat16,torch.float4_e2m1fn_x2,torch.float4_e2m1fn_x2,QuantType.per_1x32,1,0,16,0,105.7823,flydsl_mxmoe_g1_a4w4_16x128x256_f16in_nt,1.2%,0,flydsl_moe2_layout_afp4_wfp4_bf16_t16x256x128_atomic_sbm16,1.2%,105.7823,0,0,0,71.37,11913.69
gfx950,256,256,5120,640,128,3,ActivationType.Silu,torch.bfloat16,torch.float4_e2m1fn_x2,torch.float4_e2m1fn_x2,QuantType.per_1x32,1,0,16,0,110.9747,flydsl_mxmoe_g1_a4w4_16x128x256_f16in_hpf_nt_xcd2,1.2%,0,flydsl_moe2_layout_afp4_wfp4_bf16_t16x256x128_atomic_sbm16,1.2%,110.9747,0,0,0,136.06,11373.97
gfx950,256,512,5120,640,128,3,ActivationType.Silu,torch.bfloat16,torch.float4_e2m1fn_x2,torch.float4_e2m1fn_x2,QuantType.per_1x32,1,0,32,0,74.0799,flydsl_moe1_afp4_wfp4_bf16_t32x64x256_w4_kw2_fp4,0.9%,46.0471,flydsl_moe2_layout_afp4_wfp4_bf16_t32x256x128_atomic_persist_nt_sbm32,1.2%,120.127,0,0,0,251.39,10540.14
gfx950,256,1024,5120,640,128,3,ActivationType.Silu,torch.bfloat16,torch.float4_e2m1fn_x2,torch.float4_e2m1fn_x2,QuantType.per_1x32,1,0,32,0,76.2482,flydsl_moe1_afp4_wfp4_bf16_t32x128x256_w3_fp4,0.9%,51.0778,flydsl_moe2_layout_afp4_wfp4_bf16_t32x128x128_atomic_persist_nt_sbm32,1.1%,127.326,0,0,0,474.36,10005.97
gfx950,256,2048,5120,640,128,3,ActivationType.Silu,torch.bfloat16,torch.float4_e2m1fn_x2,torch.float4_e2m1fn_x2,QuantType.per_1x32,1,0,64,0,81.953,flydsl_moe1_afp4_wfp4_bf16_t64x128x256_w4_fp4,0.9%,65.7851,flydsl_moe2_layout_afp4_wfp4_bf16_t64x128x128_atomic_nt_sbm64,1.2%,147.7381,0,0,0,817.64,8729.97
gfx950,256,4096,5120,640,128,3,ActivationType.Silu,torch.bfloat16,torch.float4_e2m1fn_x2,torch.float4_e2m1fn_x2,QuantType.per_1x32,1,0,128,0,103.1603,flydsl_moe1_afp4_wfp4_bf16_t128x128x256_w2_fp4,0.9%,107.4954,flydsl_moe2_layout_afp4_wfp4_bf16_t128x128x128_reduce_nt_sbm128,1.2%,210.6557,0,0,0,1146.86,6271.87
gfx950,256,8192,5120,640,128,3,ActivationType.Silu,torch.bfloat16,torch.float4_e2m1fn_x2,torch.float4_e2m1fn_x2,QuantType.per_1x32,1,0,64,0,167.5292,flydsl_moe1_afp4_wfp4_bf16_t64x128x256_w2_bnt0_xcd4_fp4,0.9%,179.8919,flydsl_moe2_layout_afp4_wfp4_bf16_t64x256x128_reduce_sbm64,1.2%,347.4211,0,0,0,1390.77,3983.98
gfx950,256,16384,5120,640,128,3,ActivationType.Silu,torch.bfloat16,torch.float4_e2m1fn_x2,torch.float4_e2m1fn_x2,QuantType.per_1x32,1,0,64,0,253.3591,flydsl_moe1_afp4_wfp4_bf16_t64x128x256_w4_bnt0_xcd4_fp4,0.9%,342.5746,flydsl_moe2_layout_afp4_wfp4_bf16_t64x256x128_reduce_persist_sbm64,1.2%,595.9337,0,0,0,1621.6,2533.75
gfx950,256,32768,5120,640,128,3,ActivationType.Silu,torch.bfloat16,torch.float4_e2m1fn_x2,torch.float4_e2m1fn_x2,QuantType.per_1x32,1,0,128,0,439.5701,flydsl_moe1_afp4_wfp4_bf16_t128x128x256_w2_bnt0_xcd4_fp4,0.9%,687.5897,flydsl_moe2_layout_afp4_wfp4_bf16_t64x256x128_reduce_sbm128,1.2%,1127.1598,0,0,0,1714.7,1562.87
gfx950,256,1,5120,2304,96,6,ActivationType.Silu,torch.bfloat16,torch.float4_e2m1fn_x2,torch.float4_e2m1fn_x2,QuantType.per_1x32,1,0,32,0,15.6341,flydsl_moe1_afp4_wfp4_bf16_t32x64x256_w4_kw4_fp4,0.9%,12.1345,flydsl_moe2_layout_afp4_wfp4_bf16_t32x128x256_reduce_sbm32,1.2%,27.7686,0,0,0,15.29,122346.88
gfx950,256,2,5120,2304,96,6,ActivationType.Silu,torch.bfloat16,torch.float4_e2m1fn_x2,torch.float4_e2m1fn_x2,QuantType.per_1x32,1,0,32,0,26.8472,flydsl_moe1_afp4_wfp4_bf16_t32x128x256_w2_fp4,0.9%,17.8067,flydsl_moe2_layout_afp4_wfp4_bf16_t32x256x256_reduce_nt_sbm32,1.1%,44.6539,0,0,0,19.02,76083.32
gfx950,256,4,5120,2304,96,6,ActivationType.Silu,torch.bfloat16,torch.float4_e2m1fn_x2,torch.float4_e2m1fn_x2,QuantType.per_1x32,1,0,32,0,49.6491,flydsl_moe1_afp4_wfp4_bf16_t32x128x256_w3_fp4,0.9%,30.1218,flydsl_moe2_layout_afp4_wfp4_bf16_t32x128x256_atomic_nt_sbm32,1.2%,79.7709,0,0,0,21.29,42590.06
gfx950,256,8,5120,2304,96,6,ActivationType.Silu,torch.bfloat16,torch.float4_e2m1fn_x2,torch.float4_e2m1fn_x2,QuantType.per_1x32,1,0,32,0,73.4993,flydsl_moe1_afp4_wfp4_bf16_t32x128x256_w4_fp4,0.1%,44.9624,flydsl_moe2_afp4_wfp4_bf16_t32x128x256_atomic,4.6%,118.4617,0,0,0,28.68,28680.23
gfx950,256,16,5120,2304,96,6,ActivationType.Silu,torch.bfloat16,torch.float4_e2m1fn_x2,torch.float4_e2m1fn_x2,QuantType.per_1x32,1,0,32,0,120.9533,flydsl_moe1_afp4_wfp4_bf16_t32x64x256_w4_kw2_fp4,0.1%,71.1163,flydsl_moe2_afp4_wfp4_bf16_t32x128x256_atomic_persist,4.3%,192.0696,0,0,0,35.38,17689.59
gfx950,256,32,5120,2304,96,6,ActivationType.Silu,torch.bfloat16,torch.float4_e2m1fn_x2,torch.float4_e2m1fn_x2,QuantType.per_1x32,1,0,32,0,154.2629,flydsl_moe1_afp4_wfp4_bf16_t32x128x256_w2_fp4,0.1%,91.9429,flydsl_moe2_afp4_wfp4_bf16_t32x128x128_atomic,4.4%,246.2058,0,0,0,55.2,13800.97
gfx950,256,64,5120,2304,96,6,ActivationType.Silu,torch.bfloat16,torch.float4_e2m1fn_x2,torch.float4_e2m1fn_x2,QuantType.per_1x32,1,0,32,0,184.0591,flydsl_moe1_afp4_wfp4_bf16_t32x128x256_w2_fp4,0.9%,97.5522,flydsl_moe2_layout_afp4_wfp4_bf16_t32x128x256_reduce_nt_sbm32,1.2%,281.6113,0,0,0,96.51,12067.59
gfx950,256,128,5120,2304,96,6,ActivationType.Silu,torch.bfloat16,torch.float4_e2m1fn_x2,torch.float4_e2m1fn_x2,QuantType.per_1x32,1,0,32,0,184.6562,flydsl_moe1_afp4_wfp4_bf16_t32x128x256_w2_fp4,0.9%,100.3622,flydsl_moe2_layout_afp4_wfp4_bf16_t32x128x256_atomic_nt_sbm32,1.2%,285.0184,0,0,0,190.72,11926.78
gfx950,256,256,5120,2304,96,6,ActivationType.Silu,torch.bfloat16,torch.float4_e2m1fn_x2,torch.float4_e2m1fn_x2,QuantType.per_1x32,1,0,32,0,185.2989,flydsl_moe1_afp4_wfp4_bf16_t32x128x256_w4_fp4,0.9%,103.0303,flydsl_moe2_layout_afp4_wfp4_bf16_t32x128x256_atomic_persist_nt_sbm32,1.2%,288.3292,0,0,0,377.06,11796.65
gfx950,256,512,5120,2304,96,6,ActivationType.Silu,torch.bfloat16,torch.float4_e2m1fn_x2,torch.float4_e2m1fn_x2,QuantType.per_1x32,1,0,64,0,188.6741,flydsl_moe1_afp4_wfp4_bf16_t64x128x256_w3_fp4,0.1%,116.3063,flydsl_moe2_afp4_wfp4_bf16_t64x128x256_atomic_bnt2,4.3%,304.9804,0,0,0,712.94,11165.47
gfx950,256,1024,5120,2304,96,6,ActivationType.Silu,torch.bfloat16,torch.float4_e2m1fn_x2,torch.float4_e2m1fn_x2,QuantType.per_1x32,1,0,128,0,226.9881,flydsl_moe1_afp4_wfp4_bf16_t128x128x256_fp4,0.1%,148.0154,flydsl_moe2_afp4_wfp4_bf16_t128x256x128_reduce_bnt2,1.5%,375.0035,0,0,0,1159.63,9101.55
gfx950,256,2048,5120,2304,96,6,ActivationType.Silu,torch.bfloat16,torch.float4_e2m1fn_x2,torch.float4_e2m1fn_x2,QuantType.per_1x32,1,0,128,0,329.6348,flydsl_moe1_afp4_wfp4_bf16_t128x128x256_w4_bnt0_fp4,0.1%,205.9409,flydsl_moe2_afp4_wfp4_bf16_t128x128x256_atomic,4.3%,535.5757,0,0,0,1623.92,6402.16
gfx950,256,4096,5120,2304,96,6,ActivationType.Silu,torch.bfloat16,torch.float4_e2m1fn_x2,torch.float4_e2m1fn_x2,QuantType.per_1x32,1,0,128,0,444.9071,flydsl_moe1_afp4_wfp4_bf16_t128x128x256_bnt0_fp4,0.9%,298.6018,flydsl_moe2_layout_afp4_wfp4_bf16_t64x128x256_atomic_persist_sbm128,1.2%,743.5089,0,0,0,2339.53,4654.01
gfx950,256,8192,5120,2304,96,6,ActivationType.Silu,torch.bfloat16,torch.float4_e2m1fn_x2,torch.float4_e2m1fn_x2,QuantType.per_1x32,1,0,64,0,788.8574,flydsl_moe1_afp4_wfp4_bf16_t64x128x256_w3_bnt0_xcd4_fp4,0.9%,548.3834,flydsl_moe2_layout_afp4_wfp4_bf16_t64x256x256_atomic_persist_sbm64,1.2%,1337.2408,0,0,0,2601.57,2634.69
gfx950,256,16384,5120,2304,96,6,ActivationType.Silu,torch.bfloat16,torch.float4_e2m1fn_x2,torch.float4_e2m1fn_x2,QuantType.per_1x32,1,0,64,0,1411.5869,flydsl_moe1_afp4_wfp4_bf16_t64x128x256_w4_bnt0_xcd4_fp4,0.9%,1057.6591,flydsl_moe2_layout_afp4_wfp4_bf16_t64x256x128_atomic_sbm64,1.2%,2469.246,0,0,0,2817.8,1477.8
gfx950,256,32768,5120,2304,96,6,ActivationType.Silu,torch.bfloat16,torch.float4_e2m1fn_x2,torch.float4_e2m1fn_x2,QuantType.per_1x32,1,0,128,0,2666.2958,flydsl_moe1_afp4_wfp4_bf16_t128x128x256_w2_bnt0_xcd4_fp4,0.9%,1965.7944,flydsl_moe2_layout_afp4_wfp4_bf16_t128x128x256_atomic_sbm128,1.2%,4632.0902,0,0,0,3004.19,842.1
gfx950,256,1,5120,1152,128,3,ActivationType.Silu,torch.bfloat16,torch.float4_e2m1fn_x2,torch.float4_e2m1fn_x2,QuantType.per_1x32,1,0,16,0,19.829,flydsl_mxmoe_g1_a4w4_16x128x256_f16in_hpf_nt,1.2%,0,flydsl_moe2_layout_afp4_wfp4_bf16_t16x128x128_atomic_nt_sbm16,1.2%,19.829,0,0,0,5.35,114223.59
gfx950,256,2,5120,1152,128,3,ActivationType.Silu,torch.bfloat16,torch.float4_e2m1fn_x2,torch.float4_e2m1fn_x2,QuantType.per_1x32,1,0,16,0,21.2018,flydsl_mxmoe_g1_a4w4_16x128x256_f16in_hpf_nt,1.2%,0,flydsl_moe2_layout_afp4_wfp4_bf16_t16x128x128_atomic_sbm16,1.2%,21.2018,0,0,0,10.02,106828.42
gfx950,256,4,5120,1152,128,3,ActivationType.Silu,torch.bfloat16,torch.float4_e2m1fn_x2,torch.float4_e2m1fn_x2,QuantType.per_1x32,1,0,16,0,24.9426,flydsl_mxmoe_g1_a4w4_16x128x256_f16in_hpf_nt,1.2%,0,flydsl_moe2_layout_afp4_wfp4_bf16_t16x256x128_atomic_nt_sbm16,1.2%,24.9426,0,0,0,17.03,90807.92
gfx950,256,8,5120,1152,128,3,ActivationType.Silu,torch.bfloat16,torch.float4_e2m1fn_x2,torch.float4_e2m1fn_x2,QuantType.per_1x32,1,0,16,0,39.9502,flydsl_mxmoe_g1_a4w4_16x256x256_f16in_hpf_nt,1.2%,0,flydsl_moe2_layout_afp4_wfp4_bf16_t16x256x128_atomic_nt_sbm16,1.2%,39.9502,0,0,0,21.26,56696.76
gfx950,256,16,5120,1152,128,3,ActivationType.Silu,torch.bfloat16,torch.float4_e2m1fn_x2,torch.float4_e2m1fn_x2,QuantType.per_1x32,1,0,16,0,65.9656,flydsl_mxmoe_g1_a4w4_16x128x256_f16in_hpf_nt_xcd4,1.2%,0,flydsl_moe2_layout_afp4_wfp4_bf16_t16x128x128_atomic_persist_sbm16,1.2%,65.9656,0,0,0,25.75,34338.65
gfx950,256,32,5120,1152,128,3,ActivationType.Silu,torch.bfloat16,torch.float4_e2m1fn_x2,torch.float4_e2m1fn_x2,QuantType.per_1x32,1,0,16,0,100.7899,flydsl_mxmoe_g1_a4w4_16x128x256_f16in_hpf_nt_xcd2,1.2%,0,flydsl_moe2_layout_afp4_wfp4_bf16_t16x128x128_atomic_sbm16,1.2%,100.7899,0,0,0,33.71,22476.61
gfx950,256,64,5120,1152,128,3,ActivationType.Silu,torch.bfloat16,torch.float4_e2m1fn_x2,torch.float4_e2m1fn_x2,QuantType.per_1x32,1,0,16,0,152.9322,flydsl_mxmoe_g1_a4w4_16x256x256_f16in_nt_xcd2,1.2%,0,flydsl_moe2_layout_afp4_wfp4_bf16_t16x256x128_atomic_nt_sbm16,1.2%,152.9322,0,0,0,44.43,14816.42
gfx950,256,128,5120,1152,128,3,ActivationType.Silu,torch.bfloat16,torch.float4_e2m1fn_x2,torch.float4_e2m1fn_x2,QuantType.per_1x32,1,0,16,0,182.0389,flydsl_mxmoe_g1_a4w4_16x128x256_f16in_hpf_nt_xcd2,1.2%,0,flydsl_moe2_layout_afp4_wfp4_bf16_t16x128x128_atomic_nt_sbm16,1.2%,182.0389,0,0,0,74.65,12452.78
gfx950,256,256,5120,1152,128,3,ActivationType.Silu,torch.bfloat16,torch.float4_e2m1fn_x2,torch.float4_e2m1fn_x2,QuantType.per_1x32,1,0,16,0,187.7905,flydsl_mxmoe_g1_a4w4_16x128x256_f16in_hpf_nt_xcd2,1.2%,0,flydsl_moe2_layout_afp4_wfp4_bf16_t16x256x128_atomic_nt_sbm16,1.2%,187.7905,0,0,0,144.73,12081.85
gfx950,256,512,5120,1152,128,3,ActivationType.Silu,torch.bfloat16,torch.float4_e2m1fn_x2,torch.float4_e2m1fn_x2,QuantType.per_1x32,1,0,32,0,199.2486,flydsl_mxmoe_g1_a4w4_32x64x256_nt_kw2_xcd4_w2,1.2%,0,flydsl_moe2_layout_afp4_wfp4_bf16_t32x256x128_atomic_nt_sbm32,1.2%,199.2486,0,0,0,272.82,11406.8
gfx950,256,1024,5120,1152,128,3,ActivationType.Silu,torch.bfloat16,torch.float4_e2m1fn_x2,torch.float4_e2m1fn_x2,QuantType.per_1x32,1,0,32,0,218.9525,flydsl_mxmoe_g1_a4w4_32x256x256_nt_xcd2,1.2%,0,flydsl_moe2_layout_afp4_wfp4_bf16_t32x256x128_atomic_nt_sbm32,1.2%,218.9525,0,0,0,496.53,10416.2
gfx950,256,2048,5120,1152,128,3,ActivationType.Silu,torch.bfloat16,torch.float4_e2m1fn_x2,torch.float4_e2m1fn_x2,QuantType.per_1x32,1,0,64,0,251.748,flydsl_mxmoe_g1_a4w4_64x256x256_nt_xcd2,1.2%,0,flydsl_moe2_layout_afp4_wfp4_bf16_t64x256x128_atomic_nt_sbm64,1.2%,251.748,0,0,0,863.69,9121.75
gfx950,256,4096,5120,1152,128,3,ActivationType.Silu,torch.bfloat16,torch.float4_e2m1fn_x2,torch.float4_e2m1fn_x2,QuantType.per_1x32,1,0,128,0,345.2216,flydsl_mxmoe_g1_a4w4_128x256x256_xcd2,1.2%,0,flydsl_moe2_layout_afp4_wfp4_bf16_t128x256x128_reduce_nt_sbm128,1.2%,345.2216,0,0,0,1259.67,6743.03
gfx950,256,8192,5120,1152,128,3,ActivationType.Silu,torch.bfloat16,torch.float4_e2m1fn_x2,torch.float4_e2m1fn_x2,QuantType.per_1x32,1,0,128,0,538.1738,flydsl_mxmoe_g1_a4w4_128x256x256_xcd2,1.2%,0,flydsl_moe2_layout_afp4_wfp4_bf16_t128x128x128_reduce_sbm128,1.2%,538.1738,0,0,0,1616.08,4442.34
gfx950,256,16384,5120,1152,128,3,ActivationType.Silu,torch.bfloat16,torch.float4_e2m1fn_x2,torch.float4_e2m1fn_x2,QuantType.per_1x32,1,0,128,0,920.0663,flydsl_mxmoe_g1_a4w4_128x256x256_xcd2,1.2%,0,flydsl_moe2_layout_afp4_wfp4_bf16_t128x128x128_atomic_sbm128,1.2%,920.0663,0,0,0,1890.58,2735.22
gfx950,256,32768,5120,1152,128,3,ActivationType.Silu,torch.bfloat16,torch.float4_e2m1fn_x2,torch.float4_e2m1fn_x2,QuantType.per_1x32,1,0,128,0,1691.69,flydsl_mxmoe_g1_a4w4_128x256x256_xcd4,1.2%,0,flydsl_moe2_layout_afp4_wfp4_bf16_t128x128x128_atomic_sbm128,1.2%,1691.69,0,0,0,2056.48,1636.38
gfx950,256,1,5120,1152,384,6,ActivationType.Silu,torch.bfloat16,torch.float4_e2m1fn_x2,torch.float4_e2m1fn_x2,QuantType.per_1x32,1,0,16,0,20.4314,flydsl_mxmoe_g1_a4w4_16x128x256_f16in_hpf_nt,1.0%,0,flydsl_moe2_layout_afp4_wfp4_bf16_t16x128x128_atomic_sbm16,1.0%,20.4314,0,0,0,10.39,332565.94
gfx950,256,2,5120,1152,384,6,ActivationType.Silu,torch.bfloat16,torch.float4_e2m1fn_x2,torch.float4_e2m1fn_x2,QuantType.per_1x32,1,0,16,0,25.1389,flydsl_mxmoe_g1_a4w4_16x128x256_f16in_hpf_nt,1.0%,0,flydsl_moe2_layout_afp4_wfp4_bf16_t16x256x128_atomic_nt_sbm16,1.0%,25.1389,0,0,0,16.89,270290.39
gfx950,256,4,5120,1152,384,6,ActivationType.Silu,torch.bfloat16,torch.float4_e2m1fn_x2,torch.float4_e2m1fn_x2,QuantType.per_1x32,1,0,16,0,40.5164,flydsl_mxmoe_g1_a4w4_16x256x256_f16in_hpf_nt,1.1%,0,flydsl_moe2_layout_afp4_wfp4_bf16_t16x128x128_atomic_nt_sbm16,1.1%,40.5164,0,0,0,20.96,167705.77
gfx950,256,8,5120,1152,384,6,ActivationType.Silu,torch.bfloat16,torch.float4_e2m1fn_x2,torch.float4_e2m1fn_x2,QuantType.per_1x32,1,0,16,0,71.7726,flydsl_mxmoe_g1_a4w4_16x256x256_f16in_hpf_nt_xcd2,1.1%,0,flydsl_moe2_layout_afp4_wfp4_bf16_t16x256x128_atomic_persist_sbm16,1.1%,71.7726,0,0,0,23.67,94672.55
gfx950,256,16,5120,1152,384,6,ActivationType.Silu,torch.bfloat16,torch.float4_e2m1fn_x2,torch.float4_e2m1fn_x2,QuantType.per_1x32,1,0,16,0,133.6524,flydsl_mxmoe_g1_a4w4_16x128x256_f16in_hpf_nt_xcd4,1.1%,0,flydsl_moe2_layout_afp4_wfp4_bf16_t16x128x128_atomic_nt_sbm16,1.1%,133.6524,0,0,0,25.42,50840.97
gfx950,256,32,5120,1152,384,6,ActivationType.Silu,torch.bfloat16,torch.float4_e2m1fn_x2,torch.float4_e2m1fn_x2,QuantType.per_1x32,1,0,16,0,213.4036,flydsl_mxmoe_g1_a4w4_16x128x256_f16in_hpf_nt_xcd4,1.1%,0,flydsl_moe2_layout_afp4_wfp4_bf16_t16x128x128_atomic_nt_sbm16,1.1%,213.4036,0,0,0,31.84,31842.31
gfx950,256,64,5120,1152,384,6,ActivationType.Silu,torch.bfloat16,torch.float4_e2m1fn_x2,torch.float4_e2m1fn_x2,QuantType.per_1x32,1,0,16,0,339.0943,flydsl_mxmoe_g1_a4w4_16x128x256_f16in_hpf_nt_xcd2,1.1%,0,flydsl_moe2_layout_afp4_wfp4_bf16_t16x128x128_atomic_nt_sbm16,1.1%,339.0943,0,0,0,40.08,20040.9
gfx950,256,128,5120,1152,384,6,ActivationType.Silu,torch.bfloat16,torch.float4_e2m1fn_x2,torch.float4_e2m1fn_x2,QuantType.per_1x32,1,0,16,0,459.1621,flydsl_mxmoe_g1_a4w4_16x128x256_f16in_hpf_nt_xcd2,1.1%,0,flydsl_moe2_layout_afp4_wfp4_bf16_t16x256x128_atomic_nt_sbm16,1.1%,459.1621,0,0,0,59.19,14802.48
gfx950,256,256,5120,1152,384,6,ActivationType.Silu,torch.bfloat16,torch.float4_e2m1fn_x2,torch.float4_e2m1fn_x2,QuantType.per_1x32,1,0,16,0,525.8798,flydsl_mxmoe_g1_a4w4_16x128x256_f16in_hpf_nt_xcd2,1.2%,0,flydsl_moe2_layout_afp4_wfp4_bf16_t16x256x128_atomic_persist_nt_sbm16,1.2%,525.8798,0,0,0,103.37,12928.25
gfx950,256,512,5120,1152,384,6,ActivationType.Silu,torch.bfloat16,torch.float4_e2m1fn_x2,torch.float4_e2m1fn_x2,QuantType.per_1x32,1,0,16,0,535.2594,flydsl_mxmoe_g1_a4w4_16x128x256_f16in_hpf_nt_xcd2,1.2%,0,flydsl_moe2_layout_afp4_wfp4_bf16_t16x128x128_reduce_nt_sbm16,1.2%,535.2594,0,0,0,203.11,12709.05
gfx950,256,1024,5120,1152,384,6,ActivationType.Silu,torch.bfloat16,torch.float4_e2m1fn_x2,torch.float4_e2m1fn_x2,QuantType.per_1x32,1,0,32,0,587.933,flydsl_mxmoe_g1_a4w4_32x128x256_nt_xcd2,1.2%,0,flydsl_moe2_layout_afp4_wfp4_bf16_t32x256x128_atomic_persist_nt_sbm32,1.2%,587.933,0,0,0,369.83,11583.8
gfx950,256,2048,5120,1152,384,6,ActivationType.Silu,torch.bfloat16,torch.float4_e2m1fn_x2,torch.float4_e2m1fn_x2,QuantType.per_1x32,1,0,64,0,660.1792,flydsl_mxmoe_g1_a4w4_64x256x256_nt_xcd2,1.2%,0,flydsl_moe2_layout_afp4_wfp4_bf16_t64x256x128_atomic_nt_sbm64,1.2%,660.1792,0,0,0,658.71,10339.96
gfx950,256,4096,5120,1152,384,6,ActivationType.Silu,torch.bfloat16,torch.float4_e2m1fn_x2,torch.float4_e2m1fn_x2,QuantType.per_1x32,1,0,128,0,854.5795,flydsl_mxmoe_g1_a4w4_128x256x256_xcd2,1.2%,0,flydsl_moe2_layout_afp4_wfp4_bf16_t128x128x128_atomic_nt_sbm128,1.2%,854.5795,0,0,0,1017.73,8024.63
gfx950,256,8192,5120,1152,384,6,ActivationType.Silu,torch.bfloat16,torch.float4_e2m1fn_x2,torch.float4_e2m1fn_x2,QuantType.per_1x32,1,0,64,0,1178.4115,flydsl_mxmoe_g1_a4w4_64x256x256_xcd2,1.2%,0,flydsl_moe2_layout_afp4_wfp4_bf16_t64x256x128_atomic_sbm64,1.2%,1178.4115,0,0,0,1476.11,5872.82
gfx950,256,16384,5120,1152,384,6,ActivationType.Silu,torch.bfloat16,torch.float4_e2m1fn_x2,torch.float4_e2m1fn_x2,QuantType.per_1x32,1,0,128,0,1847.0189,flydsl_mxmoe_g1_a4w4_128x256x256_xcd4,1.2%,0,flydsl_moe2_layout_afp4_wfp4_bf16_t128x128x128_atomic_sbm128,1.2%,1847.0189,0,0,0,1883.53,3815.03
gfx950,256,32768,5120,1152,384,6,ActivationType.Silu,torch.bfloat16,torch.float4_e2m1fn_x2,torch.float4_e2m1fn_x2,QuantType.per_1x32,1,0,128,0,3253.4182,flydsl_mxmoe_g1_a4w4_128x256x256_xcd2,1.2%,0,flydsl_moe2_layout_afp4_wfp4_bf16_t128x128x128_atomic_sbm128,1.2%,3253.4182,0,0,0,2138.63,2243.21
